stim_id,condition,domain,maj_decision,avg_decision,mwe_decision,n_raters,TP
1,50_50,human,1,1,1,12,False
1,80_20,human,1,1,1,12,False
1,100_0,human,1,1,1,12,False
2,50_50,human,0,0,1,12,False
2,80_20,human,0,0,0,12,False
2,100_0,human,0,0,0,12,False
3,50_50,human,1,1,1,12,True
3,80_20,human,1,1,1,12,True
3,100_0,human,1,1,1,12,True
4,50_50,human,1,1,1,12,False
4,80_20,human,1,1,1,12,False
4,100_0,human,0,0,0,12,False
5,50_50,human,0,0,0,12,False
5,80_20,human,0,0,1,12,False
5,100_0,human,0,0,0,12,False
6,50_50,human,0,0,1,12,False
6,80_20,human,1,1,1,12,False
6,100_0,human,0,0,0,12,False
7,50_50,human,1,1,1,12,True
7,80_20,human,0,0,1,12,True
7,100_0,human,1,1,1,12,True
8,50_50,human,0,0,1,12,False
8,80_20,human,1,1,1,12,False
8,100_0,human,0,0,0,12,False
9,50_50,human,1,1,1,12,False
9,80_20,human,1,1,1,12,False
9,100_0,human,1,1,1,12,False
10,50_50,human,1,1,1,12,True
10,80_20,human,1,1,1,12,True
10,100_0,human,1,1,1,12,True
11,50_50,human,0,0,1,12,False
11,80_20,human,1,1,1,12,False
11,100_0,human,1,1,1,12,False
12,50_50,human,1,1,1,12,False
12,80_20,human,1,1,1,12,False
12,100_0,human,0,0,0,12,False
13,50_50,human,0,0,1,12,False
13,80_20,human,1,1,1,12,False
13,100_0,human,0,0,0,12,False
14,50_50,human,1,1,1,12,True
14,80_20,human,1,1,1,12,True
14,100_0,human,1,1,1,12,True
15,50_50,human,1,1,1,12,True
15,80_20,human,1,1,1,12,True
15,100_0,human,1,1,1,12,True
16,50_50,human,0,0,1,12,True
16,80_20,human,1,1,1,12,True
16,100_0,human,1,1,1,12,True
17,50_50,human,1,1,1,12,False
17,80_20,human,1,1,1,12,False
17,100_0,human,0,0,1,12,False
18,50_50,human,0,0,1,12,False
18,80_20,human,0,0,0,12,False
18,100_0,human,0,0,0,12,False
19,50_50,human,1,1,1,12,False
19,80_20,human,0,0,0,12,False
19,100_0,human,1,1,1,12,False
20,50_50,human,0,0,0,12,False
20,80_20,human,0,0,0,12,False
20,100_0,human,0,0,0,12,False
21,50_50,human,1,1,1,12,True
21,80_20,human,1,1,1,12,True
21,100_0,human,1,1,1,12,True
22,50_50,human,1,1,1,12,False
22,80_20,human,0,0,0,12,False
22,100_0,human,0,0,1,12,False
23,50_50,human,0,0,1,12,False
23,80_20,human,0,0,1,12,False
23,100_0,human,1,1,1,12,False
24,50_50,human,0,0,1,12,False
24,80_20,human,1,1,1,12,False
24,100_0,human,1,1,1,12,False
25,50_50,human,1,1,1,12,False
25,80_20,human,1,1,1,12,False
25,100_0,human,0,0,0,12,False
26,50_50,human,1,1,1,12,False
26,80_20,human,1,1,1,12,False
26,100_0,human,1,1,1,12,False
27,50_50,human,1,1,1,12,False
27,80_20,human,1,1,1,12,False
27,100_0,human,1,1,1,12,False
28,50_50,human,0,0,1,12,False
28,80_20,human,0,0,1,12,False
28,100_0,human,0,0,0,12,False
29,50_50,human,1,1,1,12,False
29,80_20,human,1,1,1,12,False
29,100_0,human,1,1,1,12,False
30,50_50,human,1,1,1,12,False
30,80_20,human,0,0,0,12,False
30,100_0,human,1,1,1,12,False
31,50_50,human,1,1,1,12,False
31,80_20,human,1,1,1,12,False
31,100_0,human,1,1,1,12,False
32,50_50,human,1,1,1,12,False
32,80_20,human,1,1,1,12,False
32,100_0,human,1,1,1,12,False
33,50_50,human,1,1,1,12,True
33,80_20,human,1,1,1,12,True
33,100_0,human,1,1,1,12,True
34,50_50,human,1,1,1,12,True
34,80_20,human,1,1,1,12,True
34,100_0,human,1,1,1,12,True
35,50_50,human,1,1,1,12,False
35,80_20,human,1,1,1,12,False
35,100_0,human,0,0,0,12,False
36,50_50,human,0,0,1,12,False
36,80_20,human,0,0,0,12,False
36,100_0,human,0,0,0,12,False
37,50_50,human,1,1,1,12,False
37,80_20,human,1,1,1,12,False
37,100_0,human,1,1,1,12,False
38,50_50,human,1,1,1,12,False
38,80_20,human,1,1,1,12,False
38,100_0,human,1,1,1,12,False
39,50_50,human,1,1,1,12,False
39,80_20,human,1,1,1,12,False
39,100_0,human,1,1,1,12,False
40,50_50,human,1,1,1,12,True
40,80_20,human,1,1,1,12,True
40,100_0,human,1,1,1,12,True
41,50_50,human,1,1,1,12,False
41,80_20,human,1,1,1,12,False
41,100_0,human,1,1,1,12,False
42,50_50,human,1,1,1,12,True
42,80_20,human,1,1,1,12,True
42,100_0,human,1,1,1,12,True
43,50_50,human,0,0,1,12,False
43,80_20,human,1,1,1,12,False
43,100_0,human,0,0,0,12,False
44,50_50,human,1,1,1,12,False
44,80_20,human,1,1,1,12,False
44,100_0,human,1,1,1,12,False
45,50_50,human,0,0,1,12,True
45,80_20,human,0,0,0,12,True
45,100_0,human,0,0,1,12,True
46,50_50,human,0,0,0,12,False
46,80_20,human,1,1,1,12,False
46,100_0,human,1,1,1,12,False
47,50_50,human,1,1,1,12,True
47,80_20,human,1,1,1,12,True
47,100_0,human,1,1,1,12,True
48,50_50,human,1,1,1,12,False
48,80_20,human,0,0,0,12,False
48,100_0,human,0,0,0,12,False
49,50_50,human,0,0,0,12,False
49,80_20,human,0,0,0,12,False
49,100_0,human,0,0,0,12,False
50,50_50,human,0,0,1,12,False
50,80_20,human,0,0,1,12,False
50,100_0,human,0,0,1,12,False
51,50_50,human,1,1,1,12,False
51,80_20,human,1,1,1,12,False
51,100_0,human,0,0,1,12,False
52,50_50,human,0,0,1,12,True
52,80_20,human,1,1,1,12,True
52,100_0,human,1,1,1,12,True
53,50_50,human,1,1,1,12,False
53,80_20,human,1,1,1,12,False
53,100_0,human,1,1,1,12,False
54,50_50,human,1,1,1,12,True
54,80_20,human,1,1,1,12,True
54,100_0,human,0,0,1,12,True
55,50_50,human,0,0,0,12,True
55,80_20,human,1,1,1,12,True
55,100_0,human,1,1,1,12,True
56,50_50,human,1,1,1,12,True
56,80_20,human,1,1,1,12,True
56,100_0,human,1,1,1,12,True
57,50_50,human,1,1,1,12,True
57,80_20,human,1,1,1,12,True
57,100_0,human,1,1,1,12,True
58,50_50,human,1,1,1,12,True
58,80_20,human,1,1,1,12,True
58,100_0,human,1,1,1,12,True
59,50_50,human,1,1,1,12,False
59,80_20,human,1,1,1,12,False
59,100_0,human,0,0,1,12,False
60,50_50,human,1,1,1,12,False
60,80_20,human,1,1,1,12,False
60,100_0,human,1,1,1,12,False
61,50_50,human,0,0,0,12,False
61,80_20,human,0,0,0,12,False
61,100_0,human,1,1,1,12,False
62,50_50,human,1,1,1,12,True
62,80_20,human,1,1,1,12,True
62,100_0,human,1,1,1,12,True
63,50_50,human,0,0,1,12,False
63,80_20,human,0,0,0,12,False
63,100_0,human,1,1,1,12,False
64,50_50,human,0,0,1,12,True
64,80_20,human,1,1,1,12,True
64,100_0,human,1,1,1,12,True
65,50_50,human,0,0,1,12,False
65,80_20,human,0,0,1,12,False
65,100_0,human,0,0,0,12,False
66,50_50,human,1,1,1,12,True
66,80_20,human,1,1,1,12,True
66,100_0,human,1,1,1,12,True
67,50_50,human,0,0,1,12,False
67,80_20,human,0,0,0,12,False
67,100_0,human,0,0,0,12,False
68,50_50,human,0,0,1,12,False
68,80_20,human,0,0,0,12,False
68,100_0,human,0,0,1,12,False
69,50_50,human,1,1,1,12,False
69,80_20,human,1,1,1,12,False
69,100_0,human,1,1,1,12,False
70,50_50,human,0,0,1,12,True
70,80_20,human,0,0,0,12,True
70,100_0,human,0,0,1,12,True
71,50_50,human,1,1,1,12,False
71,80_20,human,1,1,1,12,False
71,100_0,human,1,1,1,12,False
72,50_50,human,1,1,1,12,True
72,80_20,human,1,1,1,12,True
72,100_0,human,1,1,1,12,True
73,50_50,human,1,1,1,12,True
73,80_20,human,1,1,1,12,True
73,100_0,human,1,1,1,12,True
74,50_50,human,0,0,1,12,False
74,80_20,human,0,0,0,12,False
74,100_0,human,0,0,1,12,False
75,50_50,human,1,1,1,12,True
75,80_20,human,1,1,1,12,True
75,100_0,human,1,1,1,12,True
76,50_50,human,1,1,1,12,False
76,80_20,human,1,1,1,12,False
76,100_0,human,1,1,1,12,False
77,50_50,human,1,1,1,12,True
77,80_20,human,1,1,1,12,True
77,100_0,human,1,1,1,12,True
78,50_50,human,1,1,1,12,True
78,80_20,human,1,1,1,12,True
78,100_0,human,1,1,1,12,True
79,50_50,human,1,1,1,12,False
79,80_20,human,1,1,1,12,False
79,100_0,human,1,1,1,12,False
80,50_50,human,1,1,1,12,True
80,80_20,human,1,1,1,12,True
80,100_0,human,1,1,1,12,True
81,50_50,human,0,0,0,12,False
81,80_20,human,0,0,0,12,False
81,100_0,human,0,0,0,12,False
82,50_50,human,1,1,1,12,True
82,80_20,human,1,1,1,12,True
82,100_0,human,1,1,1,12,True
83,50_50,human,1,1,1,12,True
83,80_20,human,1,1,1,12,True
83,100_0,human,1,1,1,12,True
84,50_50,human,1,1,1,12,True
84,80_20,human,1,1,1,12,True
84,100_0,human,1,1,1,12,True
85,50_50,human,1,1,1,12,True
85,80_20,human,1,1,1,12,True
85,100_0,human,1,1,1,12,True
86,50_50,human,0,0,1,12,False
86,80_20,human,0,0,1,12,False
86,100_0,human,0,0,1,12,False
87,50_50,human,1,1,1,12,False
87,80_20,human,1,1,1,12,False
87,100_0,human,0,0,0,12,False
88,50_50,human,0,0,0,12,False
88,80_20,human,0,0,1,12,False
88,100_0,human,0,0,0,12,False
89,50_50,human,1,1,1,12,False
89,80_20,human,1,1,1,12,False
89,100_0,human,1,1,1,12,False
90,50_50,human,1,1,1,12,True
90,80_20,human,1,1,1,12,True
90,100_0,human,1,1,1,12,True
91,50_50,human,1,1,1,12,False
91,80_20,human,0,0,0,12,False
91,100_0,human,0,0,1,12,False
92,50_50,human,1,1,1,12,False
92,80_20,human,1,1,1,12,False
92,100_0,human,1,1,1,12,False
93,50_50,human,0,0,1,12,False
93,80_20,human,0,0,0,12,False
93,100_0,human,0,0,0,12,False
94,50_50,human,1,1,1,12,False
94,80_20,human,0,0,0,12,False
94,100_0,human,0,0,0,12,False
95,50_50,human,1,1,1,12,True
95,80_20,human,1,1,1,12,True
95,100_0,human,1,1,1,12,True
96,50_50,human,0,0,0,12,False
96,80_20,human,0,0,0,12,False
96,100_0,human,0,0,1,12,False
97,50_50,human,1,1,1,12,True
97,80_20,human,1,1,1,12,True
97,100_0,human,1,1,1,12,True
98,50_50,human,1,1,1,12,True
98,80_20,human,1,1,1,12,True
98,100_0,human,1,1,1,12,True
99,50_50,human,1,1,1,12,False
99,80_20,human,0,0,0,12,False
99,100_0,human,0,0,0,12,False
100,50_50,human,1,1,1,12,True
100,80_20,human,1,1,1,12,True
100,100_0,human,1,1,1,12,True
101,50_50,human,1,1,1,12,True
101,80_20,human,1,1,1,12,True
101,100_0,human,1,1,1,12,True
102,50_50,human,1,1,1,12,False
102,80_20,human,1,1,1,12,False
102,100_0,human,1,1,1,12,False
103,50_50,human,1,1,1,12,True
103,80_20,human,1,1,1,12,True
103,100_0,human,1,1,1,12,True
104,50_50,human,1,1,1,12,True
104,80_20,human,1,1,1,12,True
104,100_0,human,1,1,1,12,True
105,50_50,human,0,0,0,12,False
105,80_20,human,0,0,1,12,False
105,100_0,human,0,0,0,12,False
106,50_50,human,0,0,1,12,False
106,80_20,human,0,0,1,12,False
106,100_0,human,0,0,1,12,False
107,50_50,human,1,1,1,12,True
107,80_20,human,1,1,1,12,True
107,100_0,human,1,1,1,12,True
108,50_50,human,1,1,1,12,True
108,80_20,human,0,0,0,12,True
108,100_0,human,0,0,1,12,True
109,50_50,human,0,0,0,12,False
109,80_20,human,0,0,1,12,False
109,100_0,human,0,0,0,12,False
110,50_50,human,1,1,1,12,False
110,80_20,human,1,1,1,12,False
110,100_0,human,0,0,0,12,False
111,50_50,human,1,1,1,12,True
111,80_20,human,1,1,1,12,True
111,100_0,human,1,1,1,12,True
112,50_50,human,1,1,1,12,False
112,80_20,human,1,1,1,12,False
112,100_0,human,1,1,1,12,False
113,50_50,human,0,0,0,12,False
113,80_20,human,0,0,0,12,False
113,100_0,human,0,0,1,12,False
114,50_50,human,0,0,1,12,False
114,80_20,human,0,0,0,12,False
114,100_0,human,0,0,1,12,False
115,50_50,human,0,0,1,12,True
115,80_20,human,1,1,1,12,True
115,100_0,human,1,1,1,12,True
116,50_50,human,1,1,1,12,False
116,80_20,human,0,0,0,12,False
116,100_0,human,0,0,0,12,False
117,50_50,human,1,1,1,12,False
117,80_20,human,1,1,1,12,False
117,100_0,human,0,0,0,12,False
118,50_50,human,1,1,1,12,False
118,80_20,human,1,1,1,12,False
118,100_0,human,1,1,1,12,False
119,50_50,human,1,1,1,12,True
119,80_20,human,1,1,1,12,True
119,100_0,human,1,1,1,12,True
120,50_50,human,1,1,1,12,False
120,80_20,human,1,1,1,12,False
120,100_0,human,0,0,1,12,False
121,50_50,human,1,1,1,12,False
121,80_20,human,1,1,1,12,False
121,100_0,human,1,1,1,12,False
122,50_50,human,1,1,1,12,True
122,80_20,human,1,1,1,12,True
122,100_0,human,1,1,1,12,True
123,50_50,human,0,0,1,12,False
123,80_20,human,1,1,1,12,False
123,100_0,human,0,0,0,12,False
124,50_50,human,1,1,1,12,False
124,80_20,human,1,1,1,12,False
124,100_0,human,0,0,1,12,False
125,50_50,human,0,0,0,12,False
125,80_20,human,0,0,0,12,False
125,100_0,human,0,0,0,12,False
126,50_50,human,0,0,1,12,False
126,80_20,human,0,0,0,12,False
126,100_0,human,0,0,0,12,False
127,50_50,human,0,0,1,12,False
127,80_20,human,0,0,1,12,False
127,100_0,human,1,1,1,12,False
128,50_50,human,1,1,1,12,False
128,80_20,human,0,0,0,12,False
128,100_0,human,0,0,0,12,False
129,50_50,human,0,0,1,12,False
129,80_20,human,1,1,1,12,False
129,100_0,human,0,0,0,12,False
130,50_50,human,1,1,1,12,False
130,80_20,human,1,1,1,12,False
130,100_0,human,0,0,0,12,False
131,50_50,human,1,1,1,12,False
131,80_20,human,1,1,1,12,False
131,100_0,human,0,0,1,12,False
132,50_50,human,1,1,1,12,True
132,80_20,human,1,1,1,12,True
132,100_0,human,1,1,1,12,True
133,50_50,human,0,0,0,12,True
133,80_20,human,1,1,1,12,True
133,100_0,human,1,1,1,12,True
134,50_50,human,0,0,0,12,False
134,80_20,human,0,0,0,12,False
134,100_0,human,0,0,0,12,False
135,50_50,human,0,0,0,12,True
135,80_20,human,1,1,1,12,True
135,100_0,human,1,1,1,12,True
136,50_50,human,0,0,1,12,False
136,80_20,human,1,1,1,12,False
136,100_0,human,1,1,1,12,False
137,50_50,human,1,1,1,12,True
137,80_20,human,0,0,0,12,True
137,100_0,human,1,1,1,12,True
138,50_50,human,1,1,1,12,False
138,80_20,human,1,1,1,12,False
138,100_0,human,1,1,1,12,False
139,50_50,human,1,1,1,12,True
139,80_20,human,1,1,1,12,True
139,100_0,human,1,1,1,12,True
140,50_50,human,1,1,1,12,False
140,80_20,human,1,1,1,12,False
140,100_0,human,0,0,1,12,False
141,50_50,human,0,0,1,12,False
141,80_20,human,0,0,0,12,False
141,100_0,human,1,1,1,12,False
142,50_50,human,0,0,1,12,False
142,80_20,human,0,0,1,12,False
142,100_0,human,0,0,1,12,False
143,50_50,human,1,1,1,12,True
143,80_20,human,1,1,1,12,True
143,100_0,human,1,1,1,12,True
144,50_50,human,1,1,1,12,False
144,80_20,human,1,1,1,12,False
144,100_0,human,0,0,1,12,False
145,50_50,human,1,1,1,12,False
145,80_20,human,1,1,1,12,False
145,100_0,human,1,1,1,12,False
146,50_50,human,0,0,0,12,False
146,80_20,human,0,0,0,12,False
146,100_0,human,0,0,0,12,False
147,50_50,human,1,1,1,12,True
147,80_20,human,1,1,1,12,True
147,100_0,human,1,1,1,12,True
148,50_50,human,1,1,1,12,False
148,80_20,human,1,1,1,12,False
148,100_0,human,1,1,1,12,False
149,50_50,human,1,1,1,12,True
149,80_20,human,1,1,1,12,True
149,100_0,human,1,1,1,12,True
150,50_50,human,1,1,1,12,False
150,80_20,human,0,0,1,12,False
150,100_0,human,1,1,1,12,False
151,50_50,human,1,1,1,12,False
151,80_20,human,1,1,1,12,False
151,100_0,human,1,1,1,12,False
152,50_50,human,1,1,1,12,True
152,80_20,human,1,1,1,12,True
152,100_0,human,1,1,1,12,True
153,50_50,human,1,1,1,12,True
153,80_20,human,1,1,1,12,True
153,100_0,human,1,1,1,12,True
154,50_50,human,1,1,1,12,True
154,80_20,human,1,1,1,12,True
154,100_0,human,1,1,1,12,True
155,50_50,human,0,0,1,12,False
155,80_20,human,0,0,1,12,False
155,100_0,human,0,0,0,12,False
156,50_50,human,1,1,1,12,False
156,80_20,human,1,1,1,12,False
156,100_0,human,1,1,1,12,False
157,50_50,human,1,1,1,12,True
157,80_20,human,1,1,1,12,True
157,100_0,human,1,1,1,12,True
158,50_50,human,1,1,1,12,False
158,80_20,human,1,1,1,12,False
158,100_0,human,1,1,1,12,False
159,50_50,human,1,1,1,12,True
159,80_20,human,0,0,1,12,True
159,100_0,human,1,1,1,12,True
160,50_50,human,1,1,1,12,True
160,80_20,human,1,1,1,12,True
160,100_0,human,1,1,1,12,True
161,50_50,human,1,1,1,12,True
161,80_20,human,1,1,1,12,True
161,100_0,human,1,1,1,12,True
162,50_50,human,0,0,1,12,True
162,80_20,human,1,1,1,12,True
162,100_0,human,1,1,1,12,True
163,50_50,human,1,1,1,12,True
163,80_20,human,1,1,1,12,True
163,100_0,human,1,1,1,12,True
164,50_50,human,1,1,1,12,True
164,80_20,human,1,1,1,12,True
164,100_0,human,1,1,1,12,True
165,50_50,human,1,1,1,12,True
165,80_20,human,1,1,1,12,True
165,100_0,human,1,1,1,12,True
166,50_50,human,0,0,1,12,False
166,80_20,human,0,0,0,12,False
166,100_0,human,0,0,0,12,False
167,50_50,human,1,1,1,12,False
167,80_20,human,1,1,1,12,False
167,100_0,human,0,0,1,12,False
168,50_50,human,1,1,1,12,False
168,80_20,human,1,1,1,12,False
168,100_0,human,0,0,1,12,False
169,50_50,human,0,0,1,12,True
169,80_20,human,1,1,1,12,True
169,100_0,human,1,1,1,12,True
170,50_50,human,1,1,1,12,True
170,80_20,human,1,1,1,12,True
170,100_0,human,1,1,1,12,True
171,50_50,human,1,1,1,12,True
171,80_20,human,1,1,1,12,True
171,100_0,human,1,1,1,12,True
172,50_50,human,1,1,1,12,True
172,80_20,human,1,1,1,12,True
172,100_0,human,1,1,1,12,True
173,50_50,human,0,0,0,12,False
173,80_20,human,0,0,0,12,False
173,100_0,human,0,0,0,12,False
174,50_50,human,1,1,1,12,True
174,80_20,human,1,1,1,12,True
174,100_0,human,0,0,1,12,True
175,50_50,human,1,1,1,12,True
175,80_20,human,1,1,1,12,True
175,100_0,human,1,1,1,12,True
176,50_50,human,0,0,0,12,True
176,80_20,human,1,1,1,12,True
176,100_0,human,1,1,1,12,True
177,50_50,human,0,0,1,12,False
177,80_20,human,1,1,1,12,False
177,100_0,human,1,1,1,12,False
178,50_50,human,1,1,1,12,False
178,80_20,human,1,1,1,12,False
178,100_0,human,0,0,0,12,False
179,50_50,human,1,1,1,12,True
179,80_20,human,1,1,1,12,True
179,100_0,human,1,1,1,12,True
180,50_50,human,1,1,1,12,True
180,80_20,human,1,1,1,12,True
180,100_0,human,1,1,1,12,True
181,50_50,human,1,1,1,12,True
181,80_20,human,1,1,1,12,True
181,100_0,human,1,1,1,12,True
182,50_50,human,1,1,1,12,True
182,80_20,human,1,1,1,12,True
182,100_0,human,1,1,1,12,True
183,50_50,human,1,1,1,12,False
183,80_20,human,1,1,1,12,False
183,100_0,human,1,1,1,12,False
184,50_50,human,0,0,1,12,False
184,80_20,human,0,0,0,12,False
184,100_0,human,0,0,0,12,False
185,50_50,human,1,1,1,12,True
185,80_20,human,0,0,1,12,True
185,100_0,human,1,1,1,12,True
186,50_50,human,1,1,1,12,True
186,80_20,human,1,1,1,12,True
186,100_0,human,1,1,1,12,True
187,50_50,human,0,0,1,12,False
187,80_20,human,1,1,1,12,False
187,100_0,human,1,1,1,12,False
188,50_50,human,1,1,1,12,False
188,80_20,human,1,1,1,12,False
188,100_0,human,1,1,1,12,False
189,50_50,human,1,1,1,12,True
189,80_20,human,1,1,1,12,True
189,100_0,human,1,1,1,12,True
190,50_50,human,1,1,1,12,True
190,80_20,human,1,1,1,12,True
190,100_0,human,1,1,1,12,True
191,50_50,human,0,0,0,12,False
191,80_20,human,1,1,1,12,False
191,100_0,human,0,0,1,12,False
192,50_50,human,1,1,1,12,False
192,80_20,human,1,1,1,12,False
192,100_0,human,1,1,1,12,False
193,50_50,human,1,1,1,12,False
193,80_20,human,1,1,1,12,False
193,100_0,human,0,0,1,12,False
194,50_50,human,1,1,1,12,False
194,80_20,human,1,1,1,12,False
194,100_0,human,1,1,1,12,False
195,50_50,human,1,1,1,12,False
195,80_20,human,1,1,1,12,False
195,100_0,human,0,0,1,12,False
196,50_50,human,1,1,1,12,True
196,80_20,human,1,1,1,12,True
196,100_0,human,1,1,1,12,True
197,50_50,human,0,0,1,12,True
197,80_20,human,1,1,1,12,True
197,100_0,human,1,1,1,12,True
198,50_50,human,1,1,1,12,True
198,80_20,human,1,1,1,12,True
198,100_0,human,1,1,1,12,True
199,50_50,human,1,1,1,12,False
199,80_20,human,1,1,1,12,False
199,100_0,human,1,1,1,12,False
200,50_50,human,1,1,1,12,True
200,80_20,human,1,1,1,12,True
200,100_0,human,1,1,1,12,True
201,50_50,human,0,0,0,12,False
201,80_20,human,0,0,0,12,False
201,100_0,human,0,0,0,12,False
202,50_50,human,0,0,1,12,False
202,80_20,human,0,0,1,12,False
202,100_0,human,1,1,1,12,False
203,50_50,human,0,0,1,12,False
203,80_20,human,0,0,0,12,False
203,100_0,human,0,0,1,12,False
204,50_50,human,0,0,1,12,True
204,80_20,human,1,1,1,12,True
204,100_0,human,1,1,1,12,True
205,50_50,human,0,0,1,12,False
205,80_20,human,0,0,1,12,False
205,100_0,human,1,1,1,12,False
206,50_50,human,1,1,1,12,True
206,80_20,human,1,1,1,12,True
206,100_0,human,1,1,1,12,True
207,50_50,human,1,1,1,12,True
207,80_20,human,1,1,1,12,True
207,100_0,human,1,1,1,12,True
208,50_50,human,1,1,1,12,False
208,80_20,human,0,0,1,12,False
208,100_0,human,1,1,1,12,False
209,50_50,human,1,1,1,12,False
209,80_20,human,1,1,1,12,False
209,100_0,human,0,0,0,12,False
210,50_50,human,1,1,1,12,True
210,80_20,human,1,1,1,12,True
210,100_0,human,1,1,1,12,True
211,50_50,human,0,0,1,12,True
211,80_20,human,1,1,1,12,True
211,100_0,human,1,1,1,12,True
212,50_50,human,1,1,1,12,False
212,80_20,human,1,1,1,12,False
212,100_0,human,0,0,1,12,False
213,50_50,human,1,1,1,12,True
213,80_20,human,1,1,1,12,True
213,100_0,human,1,1,1,12,True
214,50_50,human,1,1,1,12,False
214,80_20,human,1,1,1,12,False
214,100_0,human,1,1,1,12,False
215,50_50,human,0,0,1,12,True
215,80_20,human,0,0,0,12,True
215,100_0,human,1,1,1,12,True
216,50_50,human,1,1,1,12,True
216,80_20,human,1,1,1,12,True
216,100_0,human,1,1,1,12,True
217,50_50,human,1,1,1,12,False
217,80_20,human,1,1,1,12,False
217,100_0,human,1,1,1,12,False
218,50_50,human,1,1,1,12,False
218,80_20,human,1,1,1,12,False
218,100_0,human,1,1,1,12,False
219,50_50,human,1,1,1,12,False
219,80_20,human,1,1,1,12,False
219,100_0,human,0,0,0,12,False
220,50_50,human,1,1,1,12,True
220,80_20,human,1,1,1,12,True
220,100_0,human,1,1,1,12,True
221,50_50,human,0,0,1,12,False
221,80_20,human,0,0,0,12,False
221,100_0,human,0,0,0,12,False
222,50_50,human,1,1,1,12,False
222,80_20,human,1,1,1,12,False
222,100_0,human,0,0,1,12,False
223,50_50,human,1,1,1,12,True
223,80_20,human,1,1,1,12,True
223,100_0,human,1,1,1,12,True
224,50_50,human,1,1,1,12,True
224,80_20,human,1,1,1,12,True
224,100_0,human,1,1,1,12,True
225,50_50,human,1,1,1,12,True
225,80_20,human,1,1,1,12,True
225,100_0,human,1,1,1,12,True
226,50_50,human,1,1,1,12,True
226,80_20,human,0,0,1,12,True
226,100_0,human,0,0,1,12,True
227,50_50,human,1,1,1,12,True
227,80_20,human,1,1,1,12,True
227,100_0,human,1,1,1,12,True
228,50_50,human,0,0,1,12,False
228,80_20,human,0,0,0,12,False
228,100_0,human,0,0,1,12,False
229,50_50,human,1,1,1,12,True
229,80_20,human,1,1,1,12,True
229,100_0,human,1,1,1,12,True
230,50_50,human,0,0,0,12,True
230,80_20,human,1,1,1,12,True
230,100_0,human,1,1,1,12,True
231,50_50,human,1,1,1,12,True
231,80_20,human,1,1,1,12,True
231,100_0,human,1,1,1,12,True
232,50_50,human,1,1,1,12,True
232,80_20,human,1,1,1,12,True
232,100_0,human,1,1,1,12,True
233,50_50,human,1,1,1,12,False
233,80_20,human,1,1,1,12,False
233,100_0,human,0,0,0,12,False
234,50_50,human,0,0,1,12,False
234,80_20,human,0,0,0,12,False
234,100_0,human,0,0,0,12,False
235,50_50,human,1,1,1,12,False
235,80_20,human,1,1,1,12,False
235,100_0,human,0,0,1,12,False
236,50_50,human,0,0,0,12,False
236,80_20,human,0,0,0,12,False
236,100_0,human,0,0,0,12,False
237,50_50,human,1,1,1,12,True
237,80_20,human,1,1,1,12,True
237,100_0,human,1,1,1,12,True
238,50_50,human,1,1,1,12,True
238,80_20,human,0,0,1,12,True
238,100_0,human,1,1,1,12,True
239,50_50,human,1,1,1,12,False
239,80_20,human,1,1,1,12,False
239,100_0,human,0,0,1,12,False
240,50_50,human,0,0,1,12,False
240,80_20,human,0,0,1,12,False
240,100_0,human,0,0,1,12,False
241,50_50,human,1,1,1,12,True
241,80_20,human,1,1,1,12,True
241,100_0,human,1,1,1,12,True
242,50_50,human,0,0,0,12,False
242,80_20,human,0,0,1,12,False
242,100_0,human,0,0,0,12,False
243,50_50,human,0,0,0,12,False
243,80_20,human,1,1,1,12,False
243,100_0,human,1,1,1,12,False
244,50_50,human,1,1,1,12,False
244,80_20,human,1,1,1,12,False
244,100_0,human,0,0,0,12,False
245,50_50,human,1,1,1,12,True
245,80_20,human,1,1,1,12,True
245,100_0,human,1,1,1,12,True
246,50_50,human,0,0,1,12,True
246,80_20,human,0,0,1,12,True
246,100_0,human,1,1,1,12,True
247,50_50,human,1,1,1,12,False
247,80_20,human,0,0,1,12,False
247,100_0,human,1,1,1,12,False
248,50_50,human,0,0,0,12,False
248,80_20,human,0,0,0,12,False
248,100_0,human,0,0,0,12,False
249,50_50,human,1,1,1,12,True
249,80_20,human,1,1,1,12,True
249,100_0,human,1,1,1,12,True
250,50_50,human,1,1,1,12,True
250,80_20,human,1,1,1,12,True
250,100_0,human,1,1,1,12,True
251,50_50,human,1,1,1,12,True
251,80_20,human,0,0,1,12,True
251,100_0,human,1,1,1,12,True
252,50_50,human,0,0,0,12,False
252,80_20,human,0,0,0,12,False
252,100_0,human,0,0,0,12,False
253,50_50,human,0,0,1,12,False
253,80_20,human,0,0,1,12,False
253,100_0,human,0,0,0,12,False
254,50_50,human,1,1,1,12,True
254,80_20,human,1,1,1,12,True
254,100_0,human,1,1,1,12,True
255,50_50,human,0,0,1,12,True
255,80_20,human,0,0,1,12,True
255,100_0,human,0,0,0,12,True
256,50_50,human,1,1,1,12,True
256,80_20,human,1,1,1,12,True
256,100_0,human,1,1,1,12,True
257,50_50,human,1,1,1,12,False
257,80_20,human,1,1,1,12,False
257,100_0,human,1,1,1,12,False
258,50_50,human,1,1,1,12,False
258,80_20,human,1,1,1,12,False
258,100_0,human,0,0,0,12,False
259,50_50,human,1,1,1,12,False
259,80_20,human,1,1,1,12,False
259,100_0,human,1,1,1,12,False
260,50_50,human,1,1,1,12,False
260,80_20,human,0,0,1,12,False
260,100_0,human,0,0,0,12,False
261,50_50,human,1,1,1,12,True
261,80_20,human,1,1,1,12,True
261,100_0,human,1,1,1,12,True
262,50_50,human,1,1,1,12,True
262,80_20,human,1,1,1,12,True
262,100_0,human,1,1,1,12,True
263,50_50,human,0,0,0,12,False
263,80_20,human,0,0,0,12,False
263,100_0,human,0,0,0,12,False
264,50_50,human,1,1,1,12,True
264,80_20,human,1,1,1,12,True
264,100_0,human,1,1,1,12,True
265,50_50,human,1,1,1,12,True
265,80_20,human,1,1,1,12,True
265,100_0,human,1,1,1,12,True
266,50_50,human,1,1,1,12,False
266,80_20,human,1,1,1,12,False
266,100_0,human,1,1,1,12,False
267,50_50,human,1,1,1,12,True
267,80_20,human,1,1,1,12,True
267,100_0,human,1,1,1,12,True
268,50_50,human,1,1,1,12,False
268,80_20,human,1,1,1,12,False
268,100_0,human,0,0,1,12,False
269,50_50,human,1,1,1,12,False
269,80_20,human,0,0,1,12,False
269,100_0,human,1,1,1,12,False
270,50_50,human,1,1,1,12,True
270,80_20,human,1,1,1,12,True
270,100_0,human,1,1,1,12,True
271,50_50,human,1,1,1,12,False
271,80_20,human,1,1,1,12,False
271,100_0,human,0,0,0,12,False
272,50_50,human,1,1,1,12,True
272,80_20,human,1,1,1,12,True
272,100_0,human,1,1,1,12,True
273,50_50,human,1,1,1,12,False
273,80_20,human,1,1,1,12,False
273,100_0,human,0,0,0,12,False
274,50_50,human,1,1,1,12,False
274,80_20,human,1,1,1,12,False
274,100_0,human,0,0,1,12,False
275,50_50,human,1,1,1,12,True
275,80_20,human,1,1,1,12,True
275,100_0,human,1,1,1,12,True
276,50_50,human,0,0,0,12,False
276,80_20,human,0,0,0,12,False
276,100_0,human,0,0,0,12,False
277,50_50,human,1,1,1,12,True
277,80_20,human,1,1,1,12,True
277,100_0,human,1,1,1,12,True
278,50_50,human,1,1,1,12,False
278,80_20,human,0,0,1,12,False
278,100_0,human,0,0,1,12,False
279,50_50,human,1,1,1,12,True
279,80_20,human,1,1,1,12,True
279,100_0,human,1,1,1,12,True
280,50_50,human,0,0,0,12,False
280,80_20,human,0,0,0,12,False
280,100_0,human,0,0,0,12,False
281,50_50,human,1,1,1,12,True
281,80_20,human,0,0,1,12,True
281,100_0,human,1,1,1,12,True
282,50_50,human,1,1,1,12,True
282,80_20,human,1,1,1,12,True
282,100_0,human,1,1,1,12,True
283,50_50,human,1,1,1,12,False
283,80_20,human,1,1,1,12,False
283,100_0,human,1,1,1,12,False
284,50_50,human,1,1,1,12,True
284,80_20,human,1,1,1,12,True
284,100_0,human,1,1,1,12,True
285,50_50,human,0,0,1,12,False
285,80_20,human,0,0,1,12,False
285,100_0,human,0,0,1,12,False
286,50_50,human,1,1,1,12,False
286,80_20,human,1,1,1,12,False
286,100_0,human,1,1,1,12,False
287,50_50,human,1,1,1,12,False
287,80_20,human,1,1,1,12,False
287,100_0,human,0,0,0,12,False
288,50_50,human,1,1,1,12,False
288,80_20,human,1,1,1,12,False
288,100_0,human,0,0,1,12,False
289,50_50,human,1,1,1,12,True
289,80_20,human,0,0,1,12,True
289,100_0,human,1,1,1,12,True
290,50_50,human,1,1,1,12,False
290,80_20,human,1,1,1,12,False
290,100_0,human,1,1,1,12,False
291,50_50,human,1,1,1,12,False
291,80_20,human,0,0,1,12,False
291,100_0,human,0,0,0,12,False
292,50_50,human,0,0,1,12,False
292,80_20,human,0,0,0,12,False
292,100_0,human,0,0,0,12,False
293,50_50,human,1,1,1,12,True
293,80_20,human,1,1,1,12,True
293,100_0,human,1,1,1,12,True
294,50_50,human,1,1,1,12,True
294,80_20,human,1,1,1,12,True
294,100_0,human,1,1,1,12,True
295,50_50,human,1,1,1,12,True
295,80_20,human,1,1,1,12,True
295,100_0,human,1,1,1,12,True
296,50_50,human,0,0,0,12,True
296,80_20,human,1,1,1,12,True
296,100_0,human,1,1,1,12,True
297,50_50,human,1,1,1,12,True
297,80_20,human,1,1,1,12,True
297,100_0,human,1,1,1,12,True
298,50_50,human,0,0,0,12,False
298,80_20,human,0,0,0,12,False
298,100_0,human,0,0,0,12,False
299,50_50,human,1,1,1,12,True
299,80_20,human,1,1,1,12,True
299,100_0,human,1,1,1,12,True
300,50_50,human,1,1,1,12,True
300,80_20,human,1,1,1,12,True
300,100_0,human,1,1,1,12,True
301,50_50,human,1,1,1,12,True
301,80_20,human,1,1,1,12,True
301,100_0,human,1,1,1,12,True
302,50_50,human,0,0,1,12,False
302,80_20,human,0,0,1,12,False
302,100_0,human,0,0,0,12,False
303,50_50,human,1,1,1,12,False
303,80_20,human,0,0,0,12,False
303,100_0,human,0,0,0,12,False
304,50_50,human,1,1,1,12,False
304,80_20,human,1,1,1,12,False
304,100_0,human,1,1,1,12,False
305,50_50,human,0,0,1,12,True
305,80_20,human,0,0,1,12,True
305,100_0,human,1,1,1,12,True
306,50_50,human,1,1,1,12,True
306,80_20,human,0,0,0,12,True
306,100_0,human,0,0,0,12,True
307,50_50,human,1,1,1,12,True
307,80_20,human,1,1,1,12,True
307,100_0,human,1,1,1,12,True
308,50_50,human,1,1,1,12,False
308,80_20,human,1,1,1,12,False
308,100_0,human,1,1,1,12,False
309,50_50,human,1,1,1,12,True
309,80_20,human,1,1,1,12,True
309,100_0,human,1,1,1,12,True
310,50_50,human,1,1,1,12,False
310,80_20,human,0,0,1,12,False
310,100_0,human,0,0,1,12,False
311,50_50,human,1,1,1,12,False
311,80_20,human,0,0,0,12,False
311,100_0,human,0,0,1,12,False
312,50_50,human,1,1,1,12,True
312,80_20,human,1,1,1,12,True
312,100_0,human,1,1,1,12,True
313,50_50,human,0,0,1,12,True
313,80_20,human,0,0,1,12,True
313,100_0,human,0,0,1,12,True
314,50_50,human,1,1,1,12,True
314,80_20,human,1,1,1,12,True
314,100_0,human,1,1,1,12,True
315,50_50,human,0,0,1,12,False
315,80_20,human,0,0,0,12,False
315,100_0,human,0,0,0,12,False
316,50_50,human,1,1,1,12,True
316,80_20,human,1,1,1,12,True
316,100_0,human,1,1,1,12,True
317,50_50,human,1,1,1,12,True
317,80_20,human,0,0,1,12,True
317,100_0,human,1,1,1,12,True
318,50_50,human,1,1,1,12,True
318,80_20,human,1,1,1,12,True
318,100_0,human,1,1,1,12,True
319,50_50,human,1,1,1,12,True
319,80_20,human,1,1,1,12,True
319,100_0,human,1,1,1,12,True
320,50_50,human,1,1,1,12,True
320,80_20,human,1,1,1,12,True
320,100_0,human,1,1,1,12,True
321,50_50,human,1,1,1,12,True
321,80_20,human,1,1,1,12,True
321,100_0,human,1,1,1,12,True
322,50_50,human,1,1,1,12,True
322,80_20,human,1,1,1,12,True
322,100_0,human,1,1,1,12,True
323,50_50,human,1,1,1,12,False
323,80_20,human,1,1,1,12,False
323,100_0,human,0,0,0,12,False
324,50_50,human,1,1,1,12,True
324,80_20,human,1,1,1,12,True
324,100_0,human,1,1,1,12,True
325,50_50,human,1,1,1,12,False
325,80_20,human,1,1,1,12,False
325,100_0,human,0,0,1,12,False
326,50_50,human,1,1,1,12,False
326,80_20,human,0,0,1,12,False
326,100_0,human,0,0,1,12,False
327,50_50,human,1,1,1,12,True
327,80_20,human,1,1,1,12,True
327,100_0,human,1,1,1,12,True
328,50_50,human,1,1,1,12,False
328,80_20,human,1,1,1,12,False
328,100_0,human,1,1,1,12,False
329,50_50,human,1,1,1,12,True
329,80_20,human,1,1,1,12,True
329,100_0,human,1,1,1,12,True
330,50_50,human,1,1,1,12,True
330,80_20,human,1,1,1,12,True
330,100_0,human,1,1,1,12,True
331,50_50,human,1,1,1,12,True
331,80_20,human,1,1,1,12,True
331,100_0,human,1,1,1,12,True
332,50_50,human,1,1,1,12,True
332,80_20,human,1,1,1,12,True
332,100_0,human,1,1,1,12,True
333,50_50,human,0,0,0,12,True
333,80_20,human,1,1,1,12,True
333,100_0,human,1,1,1,12,True
334,50_50,human,0,0,1,12,False
334,80_20,human,1,1,1,12,False
334,100_0,human,0,0,0,12,False
335,50_50,human,1,1,1,12,True
335,80_20,human,1,1,1,12,True
335,100_0,human,1,1,1,12,True
336,50_50,human,0,0,0,12,True
336,80_20,human,1,1,1,12,True
336,100_0,human,1,1,1,12,True
337,50_50,human,1,1,1,12,True
337,80_20,human,1,1,1,12,True
337,100_0,human,1,1,1,12,True
338,50_50,human,1,1,1,12,False
338,80_20,human,1,1,1,12,False
338,100_0,human,1,1,1,12,False
339,50_50,human,0,0,0,12,False
339,80_20,human,0,0,0,12,False
339,100_0,human,0,0,0,12,False
340,50_50,human,1,1,1,12,True
340,80_20,human,1,1,1,12,True
340,100_0,human,1,1,1,12,True
341,50_50,human,1,1,1,12,True
341,80_20,human,1,1,1,12,True
341,100_0,human,1,1,1,12,True
342,50_50,human,1,1,1,12,True
342,80_20,human,1,1,1,12,True
342,100_0,human,1,1,1,12,True
343,50_50,human,1,1,1,12,True
343,80_20,human,1,1,1,12,True
343,100_0,human,1,1,1,12,True
344,50_50,human,1,1,1,12,False
344,80_20,human,1,1,1,12,False
344,100_0,human,0,0,0,12,False
345,50_50,human,1,1,1,12,False
345,80_20,human,1,1,1,12,False
345,100_0,human,0,0,1,12,False
346,50_50,human,1,1,1,12,False
346,80_20,human,1,1,1,12,False
346,100_0,human,1,1,1,12,False
347,50_50,human,1,1,1,12,False
347,80_20,human,1,1,1,12,False
347,100_0,human,0,0,1,12,False
348,50_50,human,0,0,0,12,False
348,80_20,human,0,0,1,12,False
348,100_0,human,0,0,0,12,False
349,50_50,human,1,1,1,12,True
349,80_20,human,1,1,1,12,True
349,100_0,human,1,1,1,12,True
350,50_50,human,1,1,1,12,True
350,80_20,human,1,1,1,12,True
350,100_0,human,1,1,1,12,True
351,50_50,human,0,0,1,12,False
351,80_20,human,1,1,1,12,False
351,100_0,human,0,0,1,12,False
352,50_50,human,0,0,1,12,False
352,80_20,human,0,0,0,12,False
352,100_0,human,0,0,0,12,False
353,50_50,human,1,1,1,12,False
353,80_20,human,1,1,1,12,False
353,100_0,human,1,1,1,12,False
354,50_50,human,1,1,1,12,True
354,80_20,human,1,1,1,12,True
354,100_0,human,1,1,1,12,True
355,50_50,human,1,1,1,12,False
355,80_20,human,1,1,1,12,False
355,100_0,human,1,1,1,12,False
356,50_50,human,0,0,1,12,False
356,80_20,human,0,0,1,12,False
356,100_0,human,1,1,1,12,False
357,50_50,human,0,0,0,12,True
357,80_20,human,1,1,1,12,True
357,100_0,human,0,0,1,12,True
358,50_50,human,0,0,1,12,False
358,80_20,human,0,0,0,12,False
358,100_0,human,0,0,0,12,False
359,50_50,human,1,1,1,12,True
359,80_20,human,1,1,1,12,True
359,100_0,human,1,1,1,12,True
360,50_50,human,0,0,0,12,False
360,80_20,human,0,0,0,12,False
360,100_0,human,0,0,0,12,False
361,50_50,human,1,1,1,12,False
361,80_20,human,1,1,1,12,False
361,100_0,human,1,1,1,12,False
362,50_50,human,0,0,1,12,True
362,80_20,human,0,0,1,12,True
362,100_0,human,1,1,1,12,True
363,50_50,human,1,1,1,12,True
363,80_20,human,1,1,1,12,True
363,100_0,human,1,1,1,12,True
364,50_50,human,1,1,1,12,True
364,80_20,human,1,1,1,12,True
364,100_0,human,1,1,1,12,True
365,50_50,human,1,1,1,12,True
365,80_20,human,1,1,1,12,True
365,100_0,human,1,1,1,12,True
366,50_50,human,1,1,1,12,True
366,80_20,human,1,1,1,12,True
366,100_0,human,1,1,1,12,True
367,50_50,human,0,0,0,12,False
367,80_20,human,0,0,0,12,False
367,100_0,human,0,0,0,12,False
368,50_50,human,1,1,1,12,True
368,80_20,human,1,1,1,12,True
368,100_0,human,1,1,1,12,True
369,50_50,human,1,1,1,12,False
369,80_20,human,1,1,1,12,False
369,100_0,human,0,0,1,12,False
370,50_50,human,1,1,1,12,True
370,80_20,human,1,1,1,12,True
370,100_0,human,1,1,1,12,True
371,50_50,human,1,1,1,12,False
371,80_20,human,1,1,1,12,False
371,100_0,human,1,1,1,12,False
372,50_50,human,1,1,1,12,True
372,80_20,human,1,1,1,12,True
372,100_0,human,0,0,1,12,True
373,50_50,human,1,1,1,12,True
373,80_20,human,1,1,1,12,True
373,100_0,human,1,1,1,12,True
374,50_50,human,1,1,1,12,True
374,80_20,human,0,0,0,12,True
374,100_0,human,1,1,1,12,True
375,50_50,human,1,1,1,12,False
375,80_20,human,1,1,1,12,False
375,100_0,human,1,1,1,12,False
376,50_50,human,1,1,1,12,False
376,80_20,human,1,1,1,12,False
376,100_0,human,0,0,1,12,False
377,50_50,human,1,1,1,12,False
377,80_20,human,1,1,1,12,False
377,100_0,human,1,1,1,12,False
378,50_50,human,0,0,1,12,True
378,80_20,human,1,1,1,12,True
378,100_0,human,1,1,1,12,True
379,50_50,human,1,1,1,12,True
379,80_20,human,1,1,1,12,True
379,100_0,human,1,1,1,12,True
380,50_50,human,1,1,1,12,True
380,80_20,human,0,0,1,12,True
380,100_0,human,1,1,1,12,True
381,50_50,human,1,1,1,12,False
381,80_20,human,1,1,1,12,False
381,100_0,human,1,1,1,12,False
382,50_50,human,1,1,1,12,True
382,80_20,human,0,0,1,12,True
382,100_0,human,1,1,1,12,True
383,50_50,human,0,0,1,12,False
383,80_20,human,0,0,0,12,False
383,100_0,human,0,0,1,12,False
384,50_50,human,1,1,1,12,False
384,80_20,human,0,0,0,12,False
384,100_0,human,0,0,0,12,False
385,50_50,human,0,0,1,12,False
385,80_20,human,1,1,1,12,False
385,100_0,human,1,1,1,12,False
386,50_50,human,1,1,1,12,True
386,80_20,human,0,0,0,12,True
386,100_0,human,1,1,1,12,True
387,50_50,human,0,0,0,12,True
387,80_20,human,0,0,1,12,True
387,100_0,human,0,0,1,12,True
388,50_50,human,0,0,1,12,False
388,80_20,human,1,1,1,12,False
388,100_0,human,1,1,1,12,False
389,50_50,human,1,1,1,12,False
389,80_20,human,1,1,1,12,False
389,100_0,human,1,1,1,12,False
390,50_50,human,1,1,1,12,False
390,80_20,human,1,1,1,12,False
390,100_0,human,1,1,1,12,False
391,50_50,human,1,1,1,12,False
391,80_20,human,1,1,1,12,False
391,100_0,human,1,1,1,12,False
392,50_50,human,1,1,1,12,True
392,80_20,human,1,1,1,12,True
392,100_0,human,1,1,1,12,True
393,50_50,human,0,0,0,12,True
393,80_20,human,1,1,1,12,True
393,100_0,human,1,1,1,12,True
394,50_50,human,0,0,0,12,False
394,80_20,human,0,0,0,12,False
394,100_0,human,0,0,0,12,False
395,50_50,human,1,1,1,12,False
395,80_20,human,1,1,1,12,False
395,100_0,human,0,0,1,12,False
396,50_50,human,0,0,0,12,False
396,80_20,human,1,1,1,12,False
396,100_0,human,0,0,0,12,False
397,50_50,human,1,1,1,12,True
397,80_20,human,1,1,1,12,True
397,100_0,human,1,1,1,12,True
398,50_50,human,1,1,1,12,True
398,80_20,human,0,0,1,12,True
398,100_0,human,1,1,1,12,True
399,50_50,human,0,0,0,12,True
399,80_20,human,0,0,1,12,True
399,100_0,human,0,0,1,12,True
400,50_50,human,0,0,0,12,False
400,80_20,human,0,0,0,12,False
400,100_0,human,0,0,0,12,False
401,50_50,human,0,0,0,12,True
401,80_20,human,0,0,1,12,True
401,100_0,human,1,1,1,12,True
402,50_50,human,1,1,1,12,False
402,80_20,human,1,1,1,12,False
402,100_0,human,0,0,0,12,False
403,50_50,human,1,1,1,12,False
403,80_20,human,1,1,1,12,False
403,100_0,human,1,1,1,12,False
404,50_50,human,1,1,1,12,True
404,80_20,human,1,1,1,12,True
404,100_0,human,1,1,1,12,True
405,50_50,human,1,1,1,12,False
405,80_20,human,0,0,0,12,False
405,100_0,human,1,1,1,12,False
406,50_50,human,0,0,0,12,False
406,80_20,human,1,1,1,12,False
406,100_0,human,0,0,1,12,False
407,50_50,human,0,0,0,12,True
407,80_20,human,1,1,1,12,True
407,100_0,human,1,1,1,12,True
408,50_50,human,0,0,1,12,True
408,80_20,human,1,1,1,12,True
408,100_0,human,0,0,1,12,True
409,50_50,human,0,0,1,12,False
409,80_20,human,0,0,0,12,False
409,100_0,human,0,0,0,12,False
410,50_50,human,0,0,0,12,False
410,80_20,human,0,0,0,12,False
410,100_0,human,0,0,0,12,False
411,50_50,human,0,0,1,12,False
411,80_20,human,0,0,0,12,False
411,100_0,human,0,0,0,12,False
412,50_50,human,1,1,1,12,True
412,80_20,human,1,1,1,12,True
412,100_0,human,1,1,1,12,True
413,50_50,human,1,1,1,12,False
413,80_20,human,0,0,1,12,False
413,100_0,human,1,1,1,12,False
414,50_50,human,1,1,1,12,True
414,80_20,human,1,1,1,12,True
414,100_0,human,1,1,1,12,True
415,50_50,human,0,0,0,12,False
415,80_20,human,0,0,0,12,False
415,100_0,human,0,0,0,12,False
416,50_50,human,1,1,1,12,True
416,80_20,human,1,1,1,12,True
416,100_0,human,1,1,1,12,True
417,50_50,human,0,0,0,12,True
417,80_20,human,0,0,1,12,True
417,100_0,human,1,1,1,12,True
418,50_50,human,0,0,1,12,False
418,80_20,human,0,0,1,12,False
418,100_0,human,0,0,0,12,False
419,50_50,human,0,0,0,12,False
419,80_20,human,0,0,1,12,False
419,100_0,human,0,0,0,12,False
420,50_50,human,0,0,0,12,False
420,80_20,human,0,0,0,12,False
420,100_0,human,0,0,0,12,False
421,50_50,human,0,0,1,12,False
421,80_20,human,0,0,1,12,False
421,100_0,human,1,1,1,12,False
422,50_50,human,1,1,1,12,False
422,80_20,human,1,1,1,12,False
422,100_0,human,1,1,1,12,False
423,50_50,human,1,1,1,12,True
423,80_20,human,1,1,1,12,True
423,100_0,human,1,1,1,12,True
424,50_50,human,0,0,1,12,False
424,80_20,human,1,1,1,12,False
424,100_0,human,1,1,1,12,False
425,50_50,human,1,1,1,12,False
425,80_20,human,1,1,1,12,False
425,100_0,human,0,0,1,12,False
426,50_50,human,1,1,1,12,True
426,80_20,human,1,1,1,12,True
426,100_0,human,1,1,1,12,True
427,50_50,human,1,1,1,12,False
427,80_20,human,1,1,1,12,False
427,100_0,human,0,0,0,12,False
428,50_50,human,1,1,1,12,True
428,80_20,human,1,1,1,12,True
428,100_0,human,1,1,1,12,True
429,50_50,human,0,0,0,12,False
429,80_20,human,0,0,1,12,False
429,100_0,human,1,1,1,12,False
430,50_50,human,1,1,1,12,True
430,80_20,human,1,1,1,12,True
430,100_0,human,1,1,1,12,True
431,50_50,human,0,0,0,12,True
431,80_20,human,0,0,1,12,True
431,100_0,human,1,1,1,12,True
432,50_50,human,0,0,0,12,False
432,80_20,human,0,0,0,12,False
432,100_0,human,0,0,0,12,False
433,50_50,human,1,1,1,12,False
433,80_20,human,1,1,1,12,False
433,100_0,human,0,0,1,12,False
434,50_50,human,0,0,1,12,False
434,80_20,human,0,0,0,12,False
434,100_0,human,0,0,0,12,False
435,50_50,human,0,0,1,12,False
435,80_20,human,0,0,0,12,False
435,100_0,human,1,1,1,12,False
436,50_50,human,0,0,1,12,True
436,80_20,human,0,0,1,12,True
436,100_0,human,1,1,1,12,True
437,50_50,human,1,1,1,12,False
437,80_20,human,1,1,1,12,False
437,100_0,human,1,1,1,12,False
438,50_50,human,1,1,1,12,False
438,80_20,human,1,1,1,12,False
438,100_0,human,0,0,1,12,False
439,50_50,human,0,0,1,12,False
439,80_20,human,0,0,0,12,False
439,100_0,human,0,0,0,12,False
440,50_50,human,1,1,1,12,False
440,80_20,human,1,1,1,12,False
440,100_0,human,1,1,1,12,False
441,50_50,human,1,1,1,12,False
441,80_20,human,0,0,1,12,False
441,100_0,human,1,1,1,12,False
442,50_50,human,0,0,1,12,False
442,80_20,human,1,1,1,12,False
442,100_0,human,0,0,0,12,False
443,50_50,human,0,0,0,12,False
443,80_20,human,0,0,1,12,False
443,100_0,human,0,0,0,12,False
444,50_50,human,1,1,1,12,True
444,80_20,human,1,1,1,12,True
444,100_0,human,1,1,1,12,True
445,50_50,human,0,0,0,12,False
445,80_20,human,0,0,0,12,False
445,100_0,human,0,0,0,12,False
446,50_50,human,1,1,1,12,True
446,80_20,human,1,1,1,12,True
446,100_0,human,1,1,1,12,True
447,50_50,human,1,1,1,12,True
447,80_20,human,1,1,1,12,True
447,100_0,human,1,1,1,12,True
448,50_50,human,1,1,1,12,True
448,80_20,human,1,1,1,12,True
448,100_0,human,1,1,1,12,True
449,50_50,human,1,1,1,12,False
449,80_20,human,1,1,1,12,False
449,100_0,human,1,1,1,12,False
450,50_50,human,1,1,1,12,False
450,80_20,human,1,1,1,12,False
450,100_0,human,0,0,1,12,False
451,50_50,human,0,0,1,12,False
451,80_20,human,0,0,0,12,False
451,100_0,human,0,0,0,12,False
452,50_50,human,1,1,1,12,True
452,80_20,human,1,1,1,12,True
452,100_0,human,1,1,1,12,True
453,50_50,human,0,0,1,12,True
453,80_20,human,0,0,0,12,True
453,100_0,human,1,1,1,12,True
454,50_50,human,0,0,1,12,True
454,80_20,human,1,1,1,12,True
454,100_0,human,1,1,1,12,True
455,50_50,human,0,0,1,12,False
455,80_20,human,0,0,0,12,False
455,100_0,human,0,0,0,12,False
456,50_50,human,0,0,1,12,False
456,80_20,human,1,1,1,12,False
456,100_0,human,0,0,1,12,False
457,50_50,human,0,0,0,12,True
457,80_20,human,1,1,1,12,True
457,100_0,human,1,1,1,12,True
458,50_50,human,1,1,1,12,True
458,80_20,human,1,1,1,12,True
458,100_0,human,1,1,1,12,True
459,50_50,human,1,1,1,12,True
459,80_20,human,1,1,1,12,True
459,100_0,human,1,1,1,12,True
460,50_50,human,1,1,1,12,False
460,80_20,human,1,1,1,12,False
460,100_0,human,1,1,1,12,False
461,50_50,human,1,1,1,12,True
461,80_20,human,1,1,1,12,True
461,100_0,human,1,1,1,12,True
462,50_50,human,1,1,1,12,True
462,80_20,human,1,1,1,12,True
462,100_0,human,1,1,1,12,True
463,50_50,human,1,1,1,12,True
463,80_20,human,1,1,1,12,True
463,100_0,human,1,1,1,12,True
464,50_50,human,1,1,1,12,True
464,80_20,human,0,0,0,12,True
464,100_0,human,1,1,1,12,True
465,50_50,human,1,1,1,12,False
465,80_20,human,0,0,0,12,False
465,100_0,human,0,0,1,12,False
466,50_50,human,1,1,1,12,True
466,80_20,human,1,1,1,12,True
466,100_0,human,1,1,1,12,True
467,50_50,human,1,1,1,12,True
467,80_20,human,1,1,1,12,True
467,100_0,human,1,1,1,12,True
468,50_50,human,1,1,1,12,True
468,80_20,human,1,1,1,12,True
468,100_0,human,1,1,1,12,True
469,50_50,human,1,1,1,12,True
469,80_20,human,1,1,1,12,True
469,100_0,human,1,1,1,12,True
470,50_50,human,1,1,1,12,True
470,80_20,human,0,0,1,12,True
470,100_0,human,1,1,1,12,True
471,50_50,human,1,1,1,12,True
471,80_20,human,1,1,1,12,True
471,100_0,human,1,1,1,12,True
472,50_50,human,1,1,1,12,True
472,80_20,human,1,1,1,12,True
472,100_0,human,1,1,1,12,True
473,50_50,human,1,1,1,12,True
473,80_20,human,1,1,1,12,True
473,100_0,human,1,1,1,12,True
474,50_50,human,1,1,1,12,False
474,80_20,human,1,1,1,12,False
474,100_0,human,1,1,1,12,False
475,50_50,human,0,0,1,12,False
475,80_20,human,0,0,0,12,False
475,100_0,human,0,0,0,12,False
476,50_50,human,1,1,1,12,True
476,80_20,human,1,1,1,12,True
476,100_0,human,1,1,1,12,True
477,50_50,human,0,0,1,12,True
477,80_20,human,1,1,1,12,True
477,100_0,human,1,1,1,12,True
478,50_50,human,0,0,1,12,True
478,80_20,human,1,1,1,12,True
478,100_0,human,1,1,1,12,True
479,50_50,human,1,1,1,12,True
479,80_20,human,1,1,1,12,True
479,100_0,human,1,1,1,12,True
480,50_50,human,0,0,0,12,False
480,80_20,human,0,0,0,12,False
480,100_0,human,0,0,0,12,False
481,50_50,human,1,1,1,12,True
481,80_20,human,1,1,1,12,True
481,100_0,human,1,1,1,12,True
482,50_50,human,1,1,1,12,True
482,80_20,human,1,1,1,12,True
482,100_0,human,0,0,1,12,True
483,50_50,human,1,1,1,12,False
483,80_20,human,1,1,1,12,False
483,100_0,human,1,1,1,12,False
484,50_50,human,0,0,0,12,False
484,80_20,human,0,0,0,12,False
484,100_0,human,0,0,0,12,False
485,50_50,human,1,1,1,12,False
485,80_20,human,1,1,1,12,False
485,100_0,human,1,1,1,12,False
486,50_50,human,1,1,1,12,False
486,80_20,human,0,0,1,12,False
486,100_0,human,1,1,1,12,False
487,50_50,human,1,1,1,12,False
487,80_20,human,1,1,1,12,False
487,100_0,human,0,0,1,12,False
488,50_50,human,1,1,1,12,True
488,80_20,human,1,1,1,12,True
488,100_0,human,1,1,1,12,True
489,50_50,human,1,1,1,12,True
489,80_20,human,1,1,1,12,True
489,100_0,human,1,1,1,12,True
490,50_50,human,1,1,1,12,False
490,80_20,human,1,1,1,12,False
490,100_0,human,0,0,1,12,False
491,50_50,human,1,1,1,12,True
491,80_20,human,1,1,1,12,True
491,100_0,human,1,1,1,12,True
492,50_50,human,0,0,1,12,True
492,80_20,human,0,0,0,12,True
492,100_0,human,0,0,1,12,True
493,50_50,human,1,1,1,12,False
493,80_20,human,1,1,1,12,False
493,100_0,human,0,0,1,12,False
494,50_50,human,1,1,1,12,False
494,80_20,human,1,1,1,12,False
494,100_0,human,0,0,1,12,False
495,50_50,human,0,0,0,12,False
495,80_20,human,0,0,1,12,False
495,100_0,human,0,0,0,12,False
496,50_50,human,0,0,0,12,False
496,80_20,human,1,1,1,12,False
496,100_0,human,0,0,1,12,False
497,50_50,human,0,0,0,12,False
497,80_20,human,0,0,0,12,False
497,100_0,human,0,0,0,12,False
498,50_50,human,1,1,1,12,False
498,80_20,human,1,1,1,12,False
498,100_0,human,1,1,1,12,False
499,50_50,human,1,1,1,12,True
499,80_20,human,1,1,1,12,True
499,100_0,human,1,1,1,12,True
500,50_50,human,0,0,1,12,True
500,80_20,human,1,1,1,12,True
500,100_0,human,1,1,1,12,True
501,50_50,human,1,1,1,12,True
501,80_20,human,0,0,0,12,True
501,100_0,human,0,0,0,12,True
502,50_50,human,0,0,1,12,True
502,80_20,human,1,1,1,12,True
502,100_0,human,1,1,1,12,True
503,50_50,human,1,1,1,12,False
503,80_20,human,1,1,1,12,False
503,100_0,human,1,1,1,12,False
504,50_50,human,1,1,1,12,True
504,80_20,human,1,1,1,12,True
504,100_0,human,1,1,1,12,True
505,50_50,human,0,0,1,12,True
505,80_20,human,1,1,1,12,True
505,100_0,human,1,1,1,12,True
506,50_50,human,1,1,1,12,True
506,80_20,human,1,1,1,12,True
506,100_0,human,1,1,1,12,True
507,50_50,human,1,1,1,12,False
507,80_20,human,1,1,1,12,False
507,100_0,human,0,0,1,12,False
508,50_50,human,0,0,1,12,False
508,80_20,human,0,0,0,12,False
508,100_0,human,1,1,1,12,False
509,50_50,human,0,0,1,12,False
509,80_20,human,0,0,1,12,False
509,100_0,human,0,0,1,12,False
510,50_50,human,1,1,1,12,False
510,80_20,human,0,0,1,12,False
510,100_0,human,0,0,0,12,False
511,50_50,human,0,0,0,12,False
511,80_20,human,0,0,0,12,False
511,100_0,human,0,0,0,12,False
512,50_50,human,0,0,0,12,False
512,80_20,human,1,1,1,12,False
512,100_0,human,0,0,0,12,False
513,50_50,human,0,0,0,12,True
513,80_20,human,0,0,1,12,True
513,100_0,human,1,1,1,12,True
514,50_50,human,1,1,1,12,True
514,80_20,human,1,1,1,12,True
514,100_0,human,1,1,1,12,True
515,50_50,human,1,1,1,12,True
515,80_20,human,1,1,1,12,True
515,100_0,human,1,1,1,12,True
516,50_50,human,0,0,1,12,True
516,80_20,human,1,1,1,12,True
516,100_0,human,1,1,1,12,True
517,50_50,human,1,1,1,12,False
517,80_20,human,1,1,1,12,False
517,100_0,human,0,0,1,12,False
518,50_50,human,1,1,1,12,False
518,80_20,human,1,1,1,12,False
518,100_0,human,0,0,0,12,False
519,50_50,human,1,1,1,12,False
519,80_20,human,0,0,0,12,False
519,100_0,human,1,1,1,12,False
520,50_50,human,0,0,0,12,False
520,80_20,human,0,0,1,12,False
520,100_0,human,0,0,1,12,False
521,50_50,human,1,1,1,12,True
521,80_20,human,1,1,1,12,True
521,100_0,human,1,1,1,12,True
522,50_50,human,1,1,1,12,False
522,80_20,human,1,1,1,12,False
522,100_0,human,0,0,1,12,False
523,50_50,human,1,1,1,12,True
523,80_20,human,1,1,1,12,True
523,100_0,human,1,1,1,12,True
524,50_50,human,0,0,0,12,False
524,80_20,human,1,1,1,12,False
524,100_0,human,0,0,0,12,False
525,50_50,human,0,0,1,12,True
525,80_20,human,1,1,1,12,True
525,100_0,human,1,1,1,12,True
526,50_50,human,0,0,0,12,False
526,80_20,human,0,0,0,12,False
526,100_0,human,0,0,0,12,False
527,50_50,human,1,1,1,12,True
527,80_20,human,1,1,1,12,True
527,100_0,human,1,1,1,12,True
528,50_50,human,0,0,0,12,False
528,80_20,human,1,1,1,12,False
528,100_0,human,1,1,1,12,False
529,50_50,human,0,0,1,12,False
529,80_20,human,1,1,1,12,False
529,100_0,human,1,1,1,12,False
530,50_50,human,1,1,1,12,False
530,80_20,human,0,0,0,12,False
530,100_0,human,1,1,1,12,False
531,50_50,human,1,1,1,12,False
531,80_20,human,1,1,1,12,False
531,100_0,human,1,1,1,12,False
532,50_50,human,1,1,1,12,False
532,80_20,human,1,1,1,12,False
532,100_0,human,1,1,1,12,False
533,50_50,human,1,1,1,12,True
533,80_20,human,1,1,1,12,True
533,100_0,human,1,1,1,12,True
534,50_50,human,1,1,1,12,False
534,80_20,human,0,0,1,12,False
534,100_0,human,0,0,0,12,False
535,50_50,human,1,1,1,12,False
535,80_20,human,0,0,1,12,False
535,100_0,human,1,1,1,12,False
536,50_50,human,1,1,1,12,False
536,80_20,human,0,0,1,12,False
536,100_0,human,1,1,1,12,False
537,50_50,human,0,0,1,12,False
537,80_20,human,0,0,0,12,False
537,100_0,human,0,0,0,12,False
538,50_50,human,1,1,1,12,True
538,80_20,human,1,1,1,12,True
538,100_0,human,1,1,1,12,True
539,50_50,human,1,1,1,12,True
539,80_20,human,1,1,1,12,True
539,100_0,human,1,1,1,12,True
540,50_50,human,1,1,1,12,False
540,80_20,human,0,0,0,12,False
540,100_0,human,0,0,0,12,False
541,50_50,human,1,1,1,12,True
541,80_20,human,0,0,0,12,True
541,100_0,human,1,1,1,12,True
542,50_50,human,1,1,1,12,True
542,80_20,human,1,1,1,12,True
542,100_0,human,1,1,1,12,True
543,50_50,human,0,0,1,12,False
543,80_20,human,1,1,1,12,False
543,100_0,human,0,0,1,12,False
544,50_50,human,1,1,1,12,True
544,80_20,human,1,1,1,12,True
544,100_0,human,1,1,1,12,True
545,50_50,human,1,1,1,12,False
545,80_20,human,1,1,1,12,False
545,100_0,human,0,0,1,12,False
546,50_50,human,0,0,0,12,False
546,80_20,human,1,1,1,12,False
546,100_0,human,0,0,1,12,False
547,50_50,human,1,1,1,12,True
547,80_20,human,1,1,1,12,True
547,100_0,human,1,1,1,12,True
548,50_50,human,1,1,1,12,True
548,80_20,human,1,1,1,12,True
548,100_0,human,1,1,1,12,True
549,50_50,human,1,1,1,12,False
549,80_20,human,1,1,1,12,False
549,100_0,human,0,0,1,12,False
550,50_50,human,1,1,1,12,True
550,80_20,human,1,1,1,12,True
550,100_0,human,1,1,1,12,True
551,50_50,human,1,1,1,12,True
551,80_20,human,1,1,1,12,True
551,100_0,human,1,1,1,12,True
552,50_50,human,0,0,0,12,False
552,80_20,human,0,0,1,12,False
552,100_0,human,0,0,0,12,False
553,50_50,human,1,1,1,12,True
553,80_20,human,1,1,1,12,True
553,100_0,human,1,1,1,12,True
554,50_50,human,1,1,1,12,True
554,80_20,human,1,1,1,12,True
554,100_0,human,1,1,1,12,True
555,50_50,human,0,0,1,12,True
555,80_20,human,0,0,0,12,True
555,100_0,human,0,0,1,12,True
556,50_50,human,1,1,1,12,False
556,80_20,human,1,1,1,12,False
556,100_0,human,0,0,1,12,False
557,50_50,human,1,1,1,12,True
557,80_20,human,1,1,1,12,True
557,100_0,human,1,1,1,12,True
558,50_50,human,0,0,1,12,False
558,80_20,human,1,1,1,12,False
558,100_0,human,1,1,1,12,False
559,50_50,human,1,1,1,12,True
559,80_20,human,1,1,1,12,True
559,100_0,human,1,1,1,12,True
560,50_50,human,0,0,1,12,False
560,80_20,human,0,0,0,12,False
560,100_0,human,0,0,0,12,False
561,50_50,human,1,1,1,12,True
561,80_20,human,1,1,1,12,True
561,100_0,human,1,1,1,12,True
562,50_50,human,1,1,1,12,True
562,80_20,human,0,0,1,12,True
562,100_0,human,1,1,1,12,True
563,50_50,human,1,1,1,12,True
563,80_20,human,1,1,1,12,True
563,100_0,human,1,1,1,12,True
564,50_50,human,1,1,1,12,True
564,80_20,human,1,1,1,12,True
564,100_0,human,1,1,1,12,True
565,50_50,human,1,1,1,12,True
565,80_20,human,1,1,1,12,True
565,100_0,human,1,1,1,12,True
566,50_50,human,1,1,1,12,True
566,80_20,human,1,1,1,12,True
566,100_0,human,1,1,1,12,True
567,50_50,human,1,1,1,12,False
567,80_20,human,1,1,1,12,False
567,100_0,human,0,0,0,12,False
568,50_50,human,1,1,1,12,False
568,80_20,human,0,0,0,12,False
568,100_0,human,0,0,0,12,False
569,50_50,human,1,1,1,12,True
569,80_20,human,1,1,1,12,True
569,100_0,human,1,1,1,12,True
570,50_50,human,0,0,1,12,False
570,80_20,human,0,0,0,12,False
570,100_0,human,0,0,0,12,False
571,50_50,human,1,1,1,12,False
571,80_20,human,1,1,1,12,False
571,100_0,human,1,1,1,12,False
572,50_50,human,1,1,1,12,True
572,80_20,human,1,1,1,12,True
572,100_0,human,1,1,1,12,True
573,50_50,human,1,1,1,12,False
573,80_20,human,1,1,1,12,False
573,100_0,human,1,1,1,12,False
574,50_50,human,1,1,1,12,False
574,80_20,human,0,0,0,12,False
574,100_0,human,0,0,1,12,False
575,50_50,human,1,1,1,12,True
575,80_20,human,1,1,1,12,True
575,100_0,human,0,0,1,12,True
576,50_50,human,1,1,1,12,True
576,80_20,human,1,1,1,12,True
576,100_0,human,1,1,1,12,True
577,50_50,human,1,1,1,12,True
577,80_20,human,1,1,1,12,True
577,100_0,human,1,1,1,12,True
578,50_50,human,1,1,1,12,True
578,80_20,human,1,1,1,12,True
578,100_0,human,1,1,1,12,True
579,50_50,human,0,0,1,12,False
579,80_20,human,0,0,0,12,False
579,100_0,human,0,0,1,12,False
580,50_50,human,0,0,0,12,False
580,80_20,human,0,0,0,12,False
580,100_0,human,0,0,0,12,False
581,50_50,human,1,1,1,12,True
581,80_20,human,1,1,1,12,True
581,100_0,human,1,1,1,12,True
582,50_50,human,1,1,1,12,True
582,80_20,human,1,1,1,12,True
582,100_0,human,0,0,1,12,True
583,50_50,human,0,0,0,12,False
583,80_20,human,0,0,0,12,False
583,100_0,human,0,0,0,12,False
584,50_50,human,0,0,1,12,False
584,80_20,human,1,1,1,12,False
584,100_0,human,0,0,0,12,False
585,50_50,human,1,1,1,12,True
585,80_20,human,1,1,1,12,True
585,100_0,human,1,1,1,12,True
586,50_50,human,0,0,1,12,False
586,80_20,human,0,0,0,12,False
586,100_0,human,0,0,0,12,False
587,50_50,human,1,1,1,12,False
587,80_20,human,0,0,0,12,False
587,100_0,human,0,0,0,12,False
588,50_50,human,1,1,1,12,True
588,80_20,human,0,0,0,12,True
588,100_0,human,1,1,1,12,True
589,50_50,human,1,1,1,12,True
589,80_20,human,1,1,1,12,True
589,100_0,human,1,1,1,12,True
590,50_50,human,1,1,1,12,True
590,80_20,human,1,1,1,12,True
590,100_0,human,1,1,1,12,True
591,50_50,human,0,0,1,12,False
591,80_20,human,0,0,0,12,False
591,100_0,human,0,0,0,12,False
592,50_50,human,0,0,0,12,False
592,80_20,human,0,0,0,12,False
592,100_0,human,0,0,0,12,False
593,50_50,human,1,1,1,12,True
593,80_20,human,1,1,1,12,True
593,100_0,human,1,1,1,12,True
594,50_50,human,1,1,1,12,True
594,80_20,human,1,1,1,12,True
594,100_0,human,1,1,1,12,True
595,50_50,human,1,1,1,12,True
595,80_20,human,1,1,1,12,True
595,100_0,human,1,1,1,12,True
596,50_50,human,0,0,1,12,False
596,80_20,human,0,0,0,12,False
596,100_0,human,0,0,0,12,False
597,50_50,human,1,1,1,12,False
597,80_20,human,1,1,1,12,False
597,100_0,human,1,1,1,12,False
598,50_50,human,1,1,1,12,True
598,80_20,human,1,1,1,12,True
598,100_0,human,1,1,1,12,True
599,50_50,human,1,1,1,12,False
599,80_20,human,1,1,1,12,False
599,100_0,human,1,1,1,12,False
600,50_50,human,1,1,1,12,False
600,80_20,human,1,1,1,12,False
600,100_0,human,0,0,0,12,False
601,50_50,human,0,0,0,12,False
601,80_20,human,1,1,1,12,False
601,100_0,human,0,0,1,12,False
602,50_50,human,1,1,1,12,False
602,80_20,human,1,1,1,12,False
602,100_0,human,0,0,1,12,False
603,50_50,human,1,1,1,12,False
603,80_20,human,1,1,1,12,False
603,100_0,human,1,1,1,12,False
604,50_50,human,1,1,1,12,True
604,80_20,human,1,1,1,12,True
604,100_0,human,1,1,1,12,True
605,50_50,human,1,1,1,12,True
605,80_20,human,1,1,1,12,True
605,100_0,human,1,1,1,12,True
606,50_50,human,1,1,1,12,True
606,80_20,human,1,1,1,12,True
606,100_0,human,1,1,1,12,True
607,50_50,human,1,1,1,12,True
607,80_20,human,1,1,1,12,True
607,100_0,human,1,1,1,12,True
608,50_50,human,1,1,1,12,True
608,80_20,human,1,1,1,12,True
608,100_0,human,1,1,1,12,True
609,50_50,human,0,0,0,12,False
609,80_20,human,0,0,0,12,False
609,100_0,human,0,0,1,12,False
610,50_50,human,1,1,1,12,True
610,80_20,human,1,1,1,12,True
610,100_0,human,1,1,1,12,True
611,50_50,human,1,1,1,12,False
611,80_20,human,1,1,1,12,False
611,100_0,human,1,1,1,12,False
612,50_50,human,1,1,1,12,True
612,80_20,human,0,0,0,12,True
612,100_0,human,1,1,1,12,True
613,50_50,human,0,0,0,12,False
613,80_20,human,0,0,0,12,False
613,100_0,human,0,0,0,12,False
614,50_50,human,1,1,1,12,True
614,80_20,human,1,1,1,12,True
614,100_0,human,1,1,1,12,True
615,50_50,human,0,0,1,12,False
615,80_20,human,1,1,1,12,False
615,100_0,human,0,0,1,12,False
616,50_50,human,0,0,1,12,True
616,80_20,human,0,0,1,12,True
616,100_0,human,1,1,1,12,True
617,50_50,human,1,1,1,12,False
617,80_20,human,1,1,1,12,False
617,100_0,human,1,1,1,12,False
618,50_50,human,0,0,1,12,True
618,80_20,human,1,1,1,12,True
618,100_0,human,1,1,1,12,True
619,50_50,human,0,0,1,12,False
619,80_20,human,0,0,1,12,False
619,100_0,human,0,0,0,12,False
620,50_50,human,1,1,1,12,False
620,80_20,human,1,1,1,12,False
620,100_0,human,0,0,1,12,False
621,50_50,human,1,1,1,12,True
621,80_20,human,1,1,1,12,True
621,100_0,human,1,1,1,12,True
622,50_50,human,1,1,1,12,False
622,80_20,human,1,1,1,12,False
622,100_0,human,1,1,1,12,False
623,50_50,human,0,0,0,12,False
623,80_20,human,0,0,0,12,False
623,100_0,human,0,0,1,12,False
624,50_50,human,1,1,1,12,False
624,80_20,human,1,1,1,12,False
624,100_0,human,0,0,1,12,False
625,50_50,human,0,0,1,12,True
625,80_20,human,1,1,1,12,True
625,100_0,human,1,1,1,12,True
626,50_50,human,0,0,0,12,False
626,80_20,human,0,0,1,12,False
626,100_0,human,0,0,0,12,False
627,50_50,human,1,1,1,12,False
627,80_20,human,1,1,1,12,False
627,100_0,human,1,1,1,12,False
628,50_50,human,1,1,1,12,True
628,80_20,human,1,1,1,12,True
628,100_0,human,1,1,1,12,True
629,50_50,human,1,1,1,12,True
629,80_20,human,1,1,1,12,True
629,100_0,human,0,0,1,12,True
630,50_50,human,1,1,1,12,False
630,80_20,human,1,1,1,12,False
630,100_0,human,0,0,0,12,False
631,50_50,human,1,1,1,12,False
631,80_20,human,1,1,1,12,False
631,100_0,human,1,1,1,12,False
632,50_50,human,1,1,1,12,True
632,80_20,human,1,1,1,12,True
632,100_0,human,1,1,1,12,True
633,50_50,human,1,1,1,12,False
633,80_20,human,1,1,1,12,False
633,100_0,human,0,0,1,12,False
634,50_50,human,1,1,1,12,True
634,80_20,human,1,1,1,12,True
634,100_0,human,1,1,1,12,True
635,50_50,human,0,0,0,12,False
635,80_20,human,0,0,1,12,False
635,100_0,human,0,0,1,12,False
636,50_50,human,1,1,1,12,False
636,80_20,human,1,1,1,12,False
636,100_0,human,0,0,0,12,False
637,50_50,human,0,0,1,12,True
637,80_20,human,1,1,1,12,True
637,100_0,human,1,1,1,12,True
638,50_50,human,1,1,1,12,False
638,80_20,human,1,1,1,12,False
638,100_0,human,1,1,1,12,False
639,50_50,human,1,1,1,12,True
639,80_20,human,1,1,1,12,True
639,100_0,human,1,1,1,12,True
640,50_50,human,1,1,1,12,True
640,80_20,human,1,1,1,12,True
640,100_0,human,1,1,1,12,True
641,50_50,human,1,1,1,12,True
641,80_20,human,1,1,1,12,True
641,100_0,human,1,1,1,12,True
642,50_50,human,0,0,1,12,False
642,80_20,human,0,0,0,12,False
642,100_0,human,0,0,1,12,False
643,50_50,human,1,1,1,12,True
643,80_20,human,1,1,1,12,True
643,100_0,human,1,1,1,12,True
644,50_50,human,1,1,1,12,True
644,80_20,human,1,1,1,12,True
644,100_0,human,1,1,1,12,True
645,50_50,human,1,1,1,12,True
645,80_20,human,1,1,1,12,True
645,100_0,human,1,1,1,12,True
646,50_50,human,1,1,1,12,True
646,80_20,human,1,1,1,12,True
646,100_0,human,1,1,1,12,True
647,50_50,human,0,0,0,12,False
647,80_20,human,0,0,1,12,False
647,100_0,human,0,0,0,12,False
648,50_50,human,0,0,1,12,False
648,80_20,human,0,0,0,12,False
648,100_0,human,0,0,0,12,False
649,50_50,human,0,0,1,12,True
649,80_20,human,1,1,1,12,True
649,100_0,human,0,0,1,12,True
650,50_50,human,1,1,1,12,True
650,80_20,human,1,1,1,12,True
650,100_0,human,1,1,1,12,True
651,50_50,human,1,1,1,12,True
651,80_20,human,1,1,1,12,True
651,100_0,human,1,1,1,12,True
652,50_50,human,0,0,1,12,True
652,80_20,human,0,0,1,12,True
652,100_0,human,1,1,1,12,True
653,50_50,human,1,1,1,12,False
653,80_20,human,1,1,1,12,False
653,100_0,human,0,0,0,12,False
654,50_50,human,1,1,1,12,True
654,80_20,human,1,1,1,12,True
654,100_0,human,1,1,1,12,True
655,50_50,human,1,1,1,12,True
655,80_20,human,1,1,1,12,True
655,100_0,human,1,1,1,12,True
656,50_50,human,0,0,0,12,False
656,80_20,human,1,1,1,12,False
656,100_0,human,0,0,1,12,False
657,50_50,human,1,1,1,12,True
657,80_20,human,1,1,1,12,True
657,100_0,human,1,1,1,12,True
658,50_50,human,1,1,1,12,False
658,80_20,human,1,1,1,12,False
658,100_0,human,0,0,0,12,False
659,50_50,human,1,1,1,12,True
659,80_20,human,1,1,1,12,True
659,100_0,human,1,1,1,12,True
660,50_50,human,1,1,1,12,True
660,80_20,human,1,1,1,12,True
660,100_0,human,1,1,1,12,True
661,50_50,human,0,0,0,12,False
661,80_20,human,0,0,0,12,False
661,100_0,human,0,0,0,12,False
662,50_50,human,0,0,1,12,False
662,80_20,human,0,0,0,12,False
662,100_0,human,0,0,0,12,False
663,50_50,human,0,0,0,12,False
663,80_20,human,0,0,0,12,False
663,100_0,human,0,0,0,12,False
664,50_50,human,1,1,1,12,True
664,80_20,human,1,1,1,12,True
664,100_0,human,1,1,1,12,True
665,50_50,human,1,1,1,12,True
665,80_20,human,1,1,1,12,True
665,100_0,human,1,1,1,12,True
666,50_50,human,1,1,1,12,True
666,80_20,human,1,1,1,12,True
666,100_0,human,0,0,1,12,True
667,50_50,human,1,1,1,12,True
667,80_20,human,1,1,1,12,True
667,100_0,human,1,1,1,12,True
668,50_50,human,1,1,1,12,True
668,80_20,human,1,1,1,12,True
668,100_0,human,1,1,1,12,True
669,50_50,human,0,0,1,12,False
669,80_20,human,1,1,1,12,False
669,100_0,human,1,1,1,12,False
670,50_50,human,1,1,1,12,False
670,80_20,human,1,1,1,12,False
670,100_0,human,1,1,1,12,False
671,50_50,human,0,0,0,12,True
671,80_20,human,0,0,0,12,True
671,100_0,human,0,0,1,12,True
672,50_50,human,1,1,1,12,True
672,80_20,human,1,1,1,12,True
672,100_0,human,1,1,1,12,True
673,50_50,human,1,1,1,12,False
673,80_20,human,1,1,1,12,False
673,100_0,human,1,1,1,12,False
674,50_50,human,1,1,1,12,True
674,80_20,human,1,1,1,12,True
674,100_0,human,1,1,1,12,True
675,50_50,human,0,0,1,12,False
675,80_20,human,0,0,0,12,False
675,100_0,human,0,0,0,12,False
676,50_50,human,1,1,1,12,True
676,80_20,human,1,1,1,12,True
676,100_0,human,1,1,1,12,True
677,50_50,human,1,1,1,12,False
677,80_20,human,0,0,1,12,False
677,100_0,human,1,1,1,12,False
678,50_50,human,1,1,1,12,True
678,80_20,human,1,1,1,12,True
678,100_0,human,1,1,1,12,True
679,50_50,human,1,1,1,12,False
679,80_20,human,1,1,1,12,False
679,100_0,human,1,1,1,12,False
680,50_50,human,0,0,1,12,False
680,80_20,human,0,0,1,12,False
680,100_0,human,0,0,0,12,False
681,50_50,human,0,0,1,12,False
681,80_20,human,1,1,1,12,False
681,100_0,human,0,0,0,12,False
682,50_50,human,1,1,1,12,True
682,80_20,human,1,1,1,12,True
682,100_0,human,1,1,1,12,True
683,50_50,human,0,0,1,12,False
683,80_20,human,0,0,0,12,False
683,100_0,human,0,0,0,12,False
684,50_50,human,1,1,1,12,False
684,80_20,human,1,1,1,12,False
684,100_0,human,0,0,0,12,False
685,50_50,human,1,1,1,12,True
685,80_20,human,1,1,1,12,True
685,100_0,human,1,1,1,12,True
686,50_50,human,1,1,1,12,True
686,80_20,human,1,1,1,12,True
686,100_0,human,0,0,1,12,True
687,50_50,human,1,1,1,12,True
687,80_20,human,1,1,1,12,True
687,100_0,human,1,1,1,12,True
688,50_50,human,0,0,0,12,False
688,80_20,human,0,0,1,12,False
688,100_0,human,0,0,0,12,False
689,50_50,human,1,1,1,12,True
689,80_20,human,1,1,1,12,True
689,100_0,human,1,1,1,12,True
690,50_50,human,1,1,1,12,False
690,80_20,human,1,1,1,12,False
690,100_0,human,1,1,1,12,False
691,50_50,human,0,0,1,12,True
691,80_20,human,1,1,1,12,True
691,100_0,human,1,1,1,12,True
692,50_50,human,0,0,1,12,True
692,80_20,human,0,0,1,12,True
692,100_0,human,1,1,1,12,True
693,50_50,human,1,1,1,12,False
693,80_20,human,1,1,1,12,False
693,100_0,human,1,1,1,12,False
694,50_50,human,0,0,0,12,False
694,80_20,human,0,0,0,12,False
694,100_0,human,0,0,0,12,False
695,50_50,human,0,0,0,12,True
695,80_20,human,0,0,0,12,True
695,100_0,human,0,0,0,12,True
696,50_50,human,0,0,0,12,True
696,80_20,human,0,0,1,12,True
696,100_0,human,1,1,1,12,True
697,50_50,human,1,1,1,12,True
697,80_20,human,1,1,1,12,True
697,100_0,human,1,1,1,12,True
698,50_50,human,1,1,1,12,False
698,80_20,human,1,1,1,12,False
698,100_0,human,1,1,1,12,False
699,50_50,human,1,1,1,12,True
699,80_20,human,1,1,1,12,True
699,100_0,human,1,1,1,12,True
700,50_50,human,1,1,1,12,True
700,80_20,human,1,1,1,12,True
700,100_0,human,0,0,1,12,True
701,50_50,human,1,1,1,12,True
701,80_20,human,1,1,1,12,True
701,100_0,human,1,1,1,12,True
702,50_50,human,1,1,1,12,False
702,80_20,human,0,0,0,12,False
702,100_0,human,0,0,0,12,False
703,50_50,human,1,1,1,12,True
703,80_20,human,0,0,0,12,True
703,100_0,human,1,1,1,12,True
704,50_50,human,1,1,1,12,True
704,80_20,human,1,1,1,12,True
704,100_0,human,1,1,1,12,True
705,50_50,human,1,1,1,12,False
705,80_20,human,1,1,1,12,False
705,100_0,human,0,0,0,12,False
706,50_50,human,1,1,1,12,True
706,80_20,human,1,1,1,12,True
706,100_0,human,1,1,1,12,True
707,50_50,human,0,0,0,12,False
707,80_20,human,0,0,0,12,False
707,100_0,human,0,0,0,12,False
708,50_50,human,0,0,0,12,False
708,80_20,human,0,0,0,12,False
708,100_0,human,0,0,0,12,False
709,50_50,human,1,1,1,12,True
709,80_20,human,1,1,1,12,True
709,100_0,human,1,1,1,12,True
710,50_50,human,0,0,1,12,True
710,80_20,human,1,1,1,12,True
710,100_0,human,1,1,1,12,True
711,50_50,human,0,0,1,12,False
711,80_20,human,0,0,0,12,False
711,100_0,human,0,0,1,12,False
712,50_50,human,1,1,1,12,True
712,80_20,human,1,1,1,12,True
712,100_0,human,1,1,1,12,True
713,50_50,human,1,1,1,12,True
713,80_20,human,1,1,1,12,True
713,100_0,human,1,1,1,12,True
714,50_50,human,0,0,0,12,False
714,80_20,human,0,0,0,12,False
714,100_0,human,0,0,0,12,False
715,50_50,human,1,1,1,12,True
715,80_20,human,0,0,0,12,True
715,100_0,human,1,1,1,12,True
716,50_50,human,1,1,1,12,True
716,80_20,human,1,1,1,12,True
716,100_0,human,1,1,1,12,True
717,50_50,human,1,1,1,12,True
717,80_20,human,1,1,1,12,True
717,100_0,human,1,1,1,12,True
718,50_50,human,1,1,1,12,True
718,80_20,human,1,1,1,12,True
718,100_0,human,1,1,1,12,True
719,50_50,human,0,0,1,12,False
719,80_20,human,0,0,0,12,False
719,100_0,human,0,0,1,12,False
720,50_50,human,0,0,0,12,False
720,80_20,human,0,0,1,12,False
720,100_0,human,0,0,0,12,False
721,50_50,human,1,1,1,12,False
721,80_20,human,1,1,1,12,False
721,100_0,human,0,0,1,12,False
722,50_50,human,1,1,1,12,True
722,80_20,human,1,1,1,12,True
722,100_0,human,1,1,1,12,True
723,50_50,human,0,0,1,12,True
723,80_20,human,1,1,1,12,True
723,100_0,human,1,1,1,12,True
724,50_50,human,1,1,1,12,False
724,80_20,human,1,1,1,12,False
724,100_0,human,0,0,1,12,False
725,50_50,human,1,1,1,12,True
725,80_20,human,1,1,1,12,True
725,100_0,human,1,1,1,12,True
726,50_50,human,1,1,1,12,True
726,80_20,human,1,1,1,12,True
726,100_0,human,1,1,1,12,True
727,50_50,human,1,1,1,12,False
727,80_20,human,1,1,1,12,False
727,100_0,human,1,1,1,12,False
728,50_50,human,0,0,1,12,False
728,80_20,human,0,0,1,12,False
728,100_0,human,0,0,0,12,False
729,50_50,human,1,1,1,12,False
729,80_20,human,0,0,0,12,False
729,100_0,human,0,0,0,12,False
730,50_50,human,0,0,1,12,False
730,80_20,human,0,0,0,12,False
730,100_0,human,0,0,0,12,False
731,50_50,human,1,1,1,12,True
731,80_20,human,0,0,1,12,True
731,100_0,human,1,1,1,12,True
732,50_50,human,1,1,1,12,True
732,80_20,human,0,0,0,12,True
732,100_0,human,1,1,1,12,True
733,50_50,human,1,1,1,12,False
733,80_20,human,0,0,1,12,False
733,100_0,human,0,0,1,12,False
734,50_50,human,1,1,1,12,False
734,80_20,human,1,1,1,12,False
734,100_0,human,0,0,1,12,False
735,50_50,human,1,1,1,12,True
735,80_20,human,1,1,1,12,True
735,100_0,human,1,1,1,12,True
736,50_50,human,1,1,1,12,True
736,80_20,human,1,1,1,12,True
736,100_0,human,1,1,1,12,True
737,50_50,human,1,1,1,12,False
737,80_20,human,1,1,1,12,False
737,100_0,human,0,0,1,12,False
738,50_50,human,1,1,1,12,True
738,80_20,human,1,1,1,12,True
738,100_0,human,1,1,1,12,True
739,50_50,human,0,0,1,12,True
739,80_20,human,1,1,1,12,True
739,100_0,human,1,1,1,12,True
740,50_50,human,1,1,1,12,False
740,80_20,human,1,1,1,12,False
740,100_0,human,0,0,0,12,False
741,50_50,human,1,1,1,12,True
741,80_20,human,1,1,1,12,True
741,100_0,human,1,1,1,12,True
742,50_50,human,1,1,1,12,False
742,80_20,human,1,1,1,12,False
742,100_0,human,1,1,1,12,False
743,50_50,human,0,0,0,12,False
743,80_20,human,0,0,1,12,False
743,100_0,human,0,0,1,12,False
744,50_50,human,1,1,1,12,False
744,80_20,human,1,1,1,12,False
744,100_0,human,0,0,0,12,False
745,50_50,human,0,0,0,12,False
745,80_20,human,0,0,0,12,False
745,100_0,human,0,0,1,12,False
746,50_50,human,0,0,1,12,False
746,80_20,human,0,0,0,12,False
746,100_0,human,0,0,1,12,False
747,50_50,human,1,1,1,12,True
747,80_20,human,1,1,1,12,True
747,100_0,human,1,1,1,12,True
748,50_50,human,1,1,1,12,True
748,80_20,human,0,0,0,12,True
748,100_0,human,1,1,1,12,True
749,50_50,human,0,0,0,12,False
749,80_20,human,0,0,0,12,False
749,100_0,human,0,0,0,12,False
750,50_50,human,1,1,1,12,False
750,80_20,human,0,0,0,12,False
750,100_0,human,0,0,0,12,False
751,50_50,human,1,1,1,12,False
751,80_20,human,1,1,1,12,False
751,100_0,human,1,1,1,12,False
752,50_50,human,1,1,1,12,False
752,80_20,human,0,0,0,12,False
752,100_0,human,1,1,1,12,False
753,50_50,human,0,0,1,12,False
753,80_20,human,0,0,1,12,False
753,100_0,human,0,0,0,12,False
754,50_50,human,1,1,1,12,True
754,80_20,human,1,1,1,12,True
754,100_0,human,1,1,1,12,True
755,50_50,human,0,0,1,12,False
755,80_20,human,0,0,1,12,False
755,100_0,human,0,0,0,12,False
756,50_50,human,1,1,1,12,True
756,80_20,human,1,1,1,12,True
756,100_0,human,1,1,1,12,True
757,50_50,human,0,0,0,12,False
757,80_20,human,0,0,0,12,False
757,100_0,human,0,0,0,12,False
758,50_50,human,1,1,1,12,True
758,80_20,human,1,1,1,12,True
758,100_0,human,1,1,1,12,True
759,50_50,human,1,1,1,12,True
759,80_20,human,1,1,1,12,True
759,100_0,human,1,1,1,12,True
760,50_50,human,1,1,1,12,False
760,80_20,human,0,0,0,12,False
760,100_0,human,0,0,0,12,False
761,50_50,human,1,1,1,12,True
761,80_20,human,1,1,1,12,True
761,100_0,human,1,1,1,12,True
762,50_50,human,1,1,1,12,True
762,80_20,human,1,1,1,12,True
762,100_0,human,1,1,1,12,True
763,50_50,human,1,1,1,12,True
763,80_20,human,1,1,1,12,True
763,100_0,human,1,1,1,12,True
764,50_50,human,1,1,1,12,True
764,80_20,human,1,1,1,12,True
764,100_0,human,1,1,1,12,True
765,50_50,human,1,1,1,12,False
765,80_20,human,1,1,1,12,False
765,100_0,human,1,1,1,12,False
766,50_50,human,1,1,1,12,False
766,80_20,human,1,1,1,12,False
766,100_0,human,0,0,1,12,False
767,50_50,human,0,0,1,12,False
767,80_20,human,1,1,1,12,False
767,100_0,human,1,1,1,12,False
768,50_50,human,1,1,1,12,True
768,80_20,human,1,1,1,12,True
768,100_0,human,1,1,1,12,True
769,50_50,human,0,0,0,12,True
769,80_20,human,1,1,1,12,True
769,100_0,human,1,1,1,12,True
770,50_50,human,1,1,1,12,True
770,80_20,human,1,1,1,12,True
770,100_0,human,1,1,1,12,True
771,50_50,human,1,1,1,12,True
771,80_20,human,1,1,1,12,True
771,100_0,human,1,1,1,12,True
772,50_50,human,1,1,1,12,False
772,80_20,human,1,1,1,12,False
772,100_0,human,0,0,1,12,False
773,50_50,human,1,1,1,12,True
773,80_20,human,1,1,1,12,True
773,100_0,human,1,1,1,12,True
774,50_50,human,0,0,1,12,False
774,80_20,human,0,0,0,12,False
774,100_0,human,0,0,0,12,False
775,50_50,human,1,1,1,12,True
775,80_20,human,1,1,1,12,True
775,100_0,human,1,1,1,12,True
776,50_50,human,1,1,1,12,False
776,80_20,human,1,1,1,12,False
776,100_0,human,0,0,0,12,False
777,50_50,human,1,1,1,12,True
777,80_20,human,1,1,1,12,True
777,100_0,human,1,1,1,12,True
778,50_50,human,1,1,1,12,True
778,80_20,human,0,0,1,12,True
778,100_0,human,1,1,1,12,True
779,50_50,human,0,0,1,12,True
779,80_20,human,0,0,1,12,True
779,100_0,human,1,1,1,12,True
780,50_50,human,0,0,0,12,True
780,80_20,human,0,0,0,12,True
780,100_0,human,1,1,1,12,True
781,50_50,human,0,0,0,12,False
781,80_20,human,0,0,0,12,False
781,100_0,human,0,0,0,12,False
782,50_50,human,1,1,1,12,True
782,80_20,human,1,1,1,12,True
782,100_0,human,1,1,1,12,True
783,50_50,human,0,0,1,12,False
783,80_20,human,1,1,1,12,False
783,100_0,human,0,0,0,12,False
784,50_50,human,1,1,1,12,False
784,80_20,human,1,1,1,12,False
784,100_0,human,1,1,1,12,False
785,50_50,human,1,1,1,12,False
785,80_20,human,1,1,1,12,False
785,100_0,human,1,1,1,12,False
786,50_50,human,0,0,1,12,False
786,80_20,human,0,0,0,12,False
786,100_0,human,0,0,0,12,False
787,50_50,human,1,1,1,12,True
787,80_20,human,1,1,1,12,True
787,100_0,human,1,1,1,12,True
788,50_50,human,1,1,1,12,False
788,80_20,human,1,1,1,12,False
788,100_0,human,1,1,1,12,False
789,50_50,human,0,0,1,12,False
789,80_20,human,0,0,0,12,False
789,100_0,human,0,0,0,12,False
790,50_50,human,0,0,1,12,False
790,80_20,human,0,0,0,12,False
790,100_0,human,0,0,0,12,False
791,50_50,human,0,0,1,12,True
791,80_20,human,0,0,0,12,True
791,100_0,human,0,0,1,12,True
792,50_50,human,1,1,1,12,True
792,80_20,human,0,0,1,12,True
792,100_0,human,1,1,1,12,True
793,50_50,human,0,0,1,12,False
793,80_20,human,0,0,1,12,False
793,100_0,human,0,0,0,12,False
794,50_50,human,1,1,1,12,True
794,80_20,human,1,1,1,12,True
794,100_0,human,1,1,1,12,True
795,50_50,human,0,0,1,12,False
795,80_20,human,0,0,0,12,False
795,100_0,human,0,0,1,12,False
796,50_50,human,0,0,1,12,False
796,80_20,human,1,1,1,12,False
796,100_0,human,0,0,0,12,False
797,50_50,human,1,1,1,12,True
797,80_20,human,1,1,1,12,True
797,100_0,human,1,1,1,12,True
798,50_50,human,0,0,1,12,False
798,80_20,human,0,0,0,12,False
798,100_0,human,0,0,1,12,False
799,50_50,human,1,1,1,12,False
799,80_20,human,1,1,1,12,False
799,100_0,human,1,1,1,12,False
800,50_50,human,1,1,1,12,True
800,80_20,human,1,1,1,12,True
800,100_0,human,1,1,1,12,True
801,50_50,human,1,1,1,12,False
801,80_20,human,1,1,1,12,False
801,100_0,human,1,1,1,12,False
802,50_50,human,1,1,1,12,False
802,80_20,human,1,1,1,12,False
802,100_0,human,1,1,1,12,False
803,50_50,human,1,1,1,12,True
803,80_20,human,1,1,1,12,True
803,100_0,human,1,1,1,12,True
804,50_50,human,0,0,1,12,True
804,80_20,human,1,1,1,12,True
804,100_0,human,1,1,1,12,True
805,50_50,human,1,1,1,12,False
805,80_20,human,1,1,1,12,False
805,100_0,human,0,0,1,12,False
806,50_50,human,1,1,1,12,True
806,80_20,human,1,1,1,12,True
806,100_0,human,1,1,1,12,True
807,50_50,human,1,1,1,12,True
807,80_20,human,1,1,1,12,True
807,100_0,human,1,1,1,12,True
808,50_50,human,1,1,1,12,True
808,80_20,human,1,1,1,12,True
808,100_0,human,1,1,1,12,True
809,50_50,human,1,1,1,12,True
809,80_20,human,1,1,1,12,True
809,100_0,human,1,1,1,12,True
810,50_50,human,1,1,1,12,False
810,80_20,human,1,1,1,12,False
810,100_0,human,1,1,1,12,False
811,50_50,human,1,1,1,12,True
811,80_20,human,0,0,1,12,True
811,100_0,human,1,1,1,12,True
812,50_50,human,1,1,1,12,True
812,80_20,human,1,1,1,12,True
812,100_0,human,1,1,1,12,True
813,50_50,human,1,1,1,12,True
813,80_20,human,1,1,1,12,True
813,100_0,human,1,1,1,12,True
814,50_50,human,0,0,1,12,True
814,80_20,human,1,1,1,12,True
814,100_0,human,1,1,1,12,True
815,50_50,human,1,1,1,12,True
815,80_20,human,1,1,1,12,True
815,100_0,human,0,0,1,12,True
816,50_50,human,1,1,1,12,True
816,80_20,human,1,1,1,12,True
816,100_0,human,1,1,1,12,True
817,50_50,human,1,1,1,12,True
817,80_20,human,1,1,1,12,True
817,100_0,human,1,1,1,12,True
818,50_50,human,0,0,1,12,False
818,80_20,human,0,0,0,12,False
818,100_0,human,0,0,0,12,False
819,50_50,human,1,1,1,12,False
819,80_20,human,1,1,1,12,False
819,100_0,human,0,0,0,12,False
820,50_50,human,1,1,1,12,True
820,80_20,human,1,1,1,12,True
820,100_0,human,1,1,1,12,True
821,50_50,human,1,1,1,12,True
821,80_20,human,1,1,1,12,True
821,100_0,human,1,1,1,12,True
822,50_50,human,1,1,1,12,False
822,80_20,human,1,1,1,12,False
822,100_0,human,1,1,1,12,False
823,50_50,human,1,1,1,12,True
823,80_20,human,1,1,1,12,True
823,100_0,human,1,1,1,12,True
824,50_50,human,0,0,0,12,False
824,80_20,human,0,0,0,12,False
824,100_0,human,0,0,0,12,False
825,50_50,human,1,1,1,12,True
825,80_20,human,1,1,1,12,True
825,100_0,human,1,1,1,12,True
826,50_50,human,1,1,1,12,True
826,80_20,human,1,1,1,12,True
826,100_0,human,1,1,1,12,True
827,50_50,human,1,1,1,12,True
827,80_20,human,1,1,1,12,True
827,100_0,human,1,1,1,12,True
828,50_50,human,1,1,1,12,True
828,80_20,human,1,1,1,12,True
828,100_0,human,1,1,1,12,True
829,50_50,human,1,1,1,12,False
829,80_20,human,1,1,1,12,False
829,100_0,human,1,1,1,12,False
830,50_50,human,0,0,1,12,False
830,80_20,human,0,0,0,12,False
830,100_0,human,0,0,0,12,False
831,50_50,human,0,0,1,12,True
831,80_20,human,1,1,1,12,True
831,100_0,human,0,0,0,12,True
832,50_50,human,0,0,0,12,False
832,80_20,human,0,0,1,12,False
832,100_0,human,0,0,1,12,False
833,50_50,human,0,0,0,12,False
833,80_20,human,0,0,1,12,False
833,100_0,human,0,0,0,12,False
834,50_50,human,1,1,1,12,True
834,80_20,human,1,1,1,12,True
834,100_0,human,1,1,1,12,True
835,50_50,human,1,1,1,12,True
835,80_20,human,1,1,1,12,True
835,100_0,human,1,1,1,12,True
836,50_50,human,1,1,1,12,False
836,80_20,human,1,1,1,12,False
836,100_0,human,1,1,1,12,False
837,50_50,human,1,1,1,12,False
837,80_20,human,0,0,1,12,False
837,100_0,human,0,0,0,12,False
838,50_50,human,1,1,1,12,True
838,80_20,human,1,1,1,12,True
838,100_0,human,1,1,1,12,True
839,50_50,human,1,1,1,12,False
839,80_20,human,1,1,1,12,False
839,100_0,human,0,0,0,12,False
840,50_50,human,1,1,1,12,False
840,80_20,human,0,0,1,12,False
840,100_0,human,1,1,1,12,False
841,50_50,human,1,1,1,12,False
841,80_20,human,1,1,1,12,False
841,100_0,human,0,0,1,12,False
842,50_50,human,1,1,1,12,True
842,80_20,human,1,1,1,12,True
842,100_0,human,1,1,1,12,True
843,50_50,human,1,1,1,12,False
843,80_20,human,1,1,1,12,False
843,100_0,human,1,1,1,12,False
844,50_50,human,1,1,1,12,False
844,80_20,human,0,0,0,12,False
844,100_0,human,0,0,0,12,False
845,50_50,human,1,1,1,12,True
845,80_20,human,1,1,1,12,True
845,100_0,human,1,1,1,12,True
846,50_50,human,0,0,1,12,False
846,80_20,human,0,0,0,12,False
846,100_0,human,0,0,0,12,False
847,50_50,human,1,1,1,12,False
847,80_20,human,1,1,1,12,False
847,100_0,human,1,1,1,12,False
848,50_50,human,1,1,1,12,True
848,80_20,human,1,1,1,12,True
848,100_0,human,1,1,1,12,True
849,50_50,human,1,1,1,12,False
849,80_20,human,1,1,1,12,False
849,100_0,human,1,1,1,12,False
850,50_50,human,1,1,1,12,True
850,80_20,human,1,1,1,12,True
850,100_0,human,1,1,1,12,True
851,50_50,human,0,0,1,12,False
851,80_20,human,1,1,1,12,False
851,100_0,human,0,0,0,12,False
852,50_50,human,0,0,0,12,False
852,80_20,human,0,0,0,12,False
852,100_0,human,0,0,0,12,False
853,50_50,human,1,1,1,12,False
853,80_20,human,1,1,1,12,False
853,100_0,human,0,0,1,12,False
854,50_50,human,0,0,0,12,False
854,80_20,human,1,1,1,12,False
854,100_0,human,0,0,0,12,False
855,50_50,human,1,1,1,12,True
855,80_20,human,1,1,1,12,True
855,100_0,human,1,1,1,12,True
856,50_50,human,1,1,1,12,False
856,80_20,human,1,1,1,12,False
856,100_0,human,1,1,1,12,False
857,50_50,human,1,1,1,12,True
857,80_20,human,1,1,1,12,True
857,100_0,human,1,1,1,12,True
858,50_50,human,1,1,1,12,False
858,80_20,human,1,1,1,12,False
858,100_0,human,1,1,1,12,False
859,50_50,human,1,1,1,12,True
859,80_20,human,1,1,1,12,True
859,100_0,human,1,1,1,12,True
860,50_50,human,0,0,0,12,True
860,80_20,human,0,0,1,12,True
860,100_0,human,0,0,0,12,True
861,50_50,human,1,1,1,12,True
861,80_20,human,1,1,1,12,True
861,100_0,human,0,0,1,12,True
862,50_50,human,1,1,1,12,True
862,80_20,human,1,1,1,12,True
862,100_0,human,1,1,1,12,True
863,50_50,human,1,1,1,12,True
863,80_20,human,1,1,1,12,True
863,100_0,human,1,1,1,12,True
864,50_50,human,1,1,1,12,True
864,80_20,human,1,1,1,12,True
864,100_0,human,1,1,1,12,True
865,50_50,human,1,1,1,12,True
865,80_20,human,1,1,1,12,True
865,100_0,human,1,1,1,12,True
866,50_50,human,0,0,0,12,False
866,80_20,human,1,1,1,12,False
866,100_0,human,1,1,1,12,False
867,50_50,human,0,0,1,12,False
867,80_20,human,0,0,1,12,False
867,100_0,human,0,0,0,12,False
868,50_50,human,0,0,1,12,True
868,80_20,human,1,1,1,12,True
868,100_0,human,1,1,1,12,True
869,50_50,human,1,1,1,12,True
869,80_20,human,1,1,1,12,True
869,100_0,human,1,1,1,12,True
870,50_50,human,1,1,1,12,False
870,80_20,human,1,1,1,12,False
870,100_0,human,1,1,1,12,False
871,50_50,human,1,1,1,12,True
871,80_20,human,1,1,1,12,True
871,100_0,human,1,1,1,12,True
872,50_50,human,0,0,1,12,True
872,80_20,human,0,0,1,12,True
872,100_0,human,1,1,1,12,True
873,50_50,human,1,1,1,12,True
873,80_20,human,1,1,1,12,True
873,100_0,human,1,1,1,12,True
874,50_50,human,1,1,1,12,True
874,80_20,human,1,1,1,12,True
874,100_0,human,1,1,1,12,True
875,50_50,human,1,1,1,12,False
875,80_20,human,1,1,1,12,False
875,100_0,human,1,1,1,12,False
876,50_50,human,1,1,1,12,False
876,80_20,human,1,1,1,12,False
876,100_0,human,0,0,0,12,False
877,50_50,human,1,1,1,12,False
877,80_20,human,1,1,1,12,False
877,100_0,human,1,1,1,12,False
878,50_50,human,0,0,1,12,False
878,80_20,human,1,1,1,12,False
878,100_0,human,1,1,1,12,False
879,50_50,human,1,1,1,12,True
879,80_20,human,1,1,1,12,True
879,100_0,human,1,1,1,12,True
880,50_50,human,1,1,1,12,False
880,80_20,human,1,1,1,12,False
880,100_0,human,1,1,1,12,False
881,50_50,human,1,1,1,12,True
881,80_20,human,1,1,1,12,True
881,100_0,human,1,1,1,12,True
882,50_50,human,0,0,0,12,False
882,80_20,human,0,0,0,12,False
882,100_0,human,0,0,0,12,False
883,50_50,human,0,0,0,12,False
883,80_20,human,0,0,0,12,False
883,100_0,human,0,0,0,12,False
884,50_50,human,1,1,1,12,True
884,80_20,human,1,1,1,12,True
884,100_0,human,1,1,1,12,True
885,50_50,human,0,0,1,12,False
885,80_20,human,1,1,1,12,False
885,100_0,human,1,1,1,12,False
886,50_50,human,1,1,1,12,True
886,80_20,human,1,1,1,12,True
886,100_0,human,1,1,1,12,True
887,50_50,human,1,1,1,12,False
887,80_20,human,1,1,1,12,False
887,100_0,human,1,1,1,12,False
888,50_50,human,1,1,1,12,False
888,80_20,human,1,1,1,12,False
888,100_0,human,0,0,0,12,False
889,50_50,human,1,1,1,12,True
889,80_20,human,1,1,1,12,True
889,100_0,human,1,1,1,12,True
890,50_50,human,0,0,1,12,False
890,80_20,human,1,1,1,12,False
890,100_0,human,1,1,1,12,False
891,50_50,human,0,0,1,12,False
891,80_20,human,1,1,1,12,False
891,100_0,human,0,0,1,12,False
892,50_50,human,0,0,1,12,False
892,80_20,human,0,0,1,12,False
892,100_0,human,0,0,0,12,False
893,50_50,human,1,1,1,12,True
893,80_20,human,1,1,1,12,True
893,100_0,human,1,1,1,12,True
894,50_50,human,1,1,1,12,True
894,80_20,human,1,1,1,12,True
894,100_0,human,1,1,1,12,True
895,50_50,human,0,0,1,12,True
895,80_20,human,1,1,1,12,True
895,100_0,human,1,1,1,12,True
896,50_50,human,0,0,1,12,True
896,80_20,human,0,0,0,12,True
896,100_0,human,1,1,1,12,True
897,50_50,human,0,0,1,12,True
897,80_20,human,0,0,1,12,True
897,100_0,human,1,1,1,12,True
898,50_50,human,1,1,1,12,True
898,80_20,human,1,1,1,12,True
898,100_0,human,1,1,1,12,True
899,50_50,human,0,0,1,12,True
899,80_20,human,0,0,0,12,True
899,100_0,human,1,1,1,12,True
900,50_50,human,1,1,1,12,True
900,80_20,human,1,1,1,12,True
900,100_0,human,1,1,1,12,True
901,50_50,human,1,1,1,12,True
901,80_20,human,1,1,1,12,True
901,100_0,human,1,1,1,12,True
902,50_50,human,1,1,1,12,False
902,80_20,human,1,1,1,12,False
902,100_0,human,0,0,0,12,False
903,50_50,human,0,0,0,12,True
903,80_20,human,1,1,1,12,True
903,100_0,human,1,1,1,12,True
904,50_50,human,1,1,1,12,True
904,80_20,human,1,1,1,12,True
904,100_0,human,1,1,1,12,True
905,50_50,human,1,1,1,12,False
905,80_20,human,0,0,0,12,False
905,100_0,human,0,0,0,12,False
906,50_50,human,1,1,1,12,False
906,80_20,human,1,1,1,12,False
906,100_0,human,0,0,1,12,False
907,50_50,human,1,1,1,12,False
907,80_20,human,0,0,1,12,False
907,100_0,human,0,0,1,12,False
908,50_50,human,0,0,1,12,False
908,80_20,human,1,1,1,12,False
908,100_0,human,1,1,1,12,False
909,50_50,human,0,0,0,12,True
909,80_20,human,0,0,1,12,True
909,100_0,human,0,0,1,12,True
910,50_50,human,1,1,1,12,False
910,80_20,human,1,1,1,12,False
910,100_0,human,1,1,1,12,False
911,50_50,human,0,0,1,12,False
911,80_20,human,1,1,1,12,False
911,100_0,human,1,1,1,12,False
912,50_50,human,1,1,1,12,True
912,80_20,human,1,1,1,12,True
912,100_0,human,1,1,1,12,True
913,50_50,human,0,0,1,12,True
913,80_20,human,1,1,1,12,True
913,100_0,human,1,1,1,12,True
914,50_50,human,0,0,1,12,False
914,80_20,human,0,0,0,12,False
914,100_0,human,0,0,0,12,False
915,50_50,human,0,0,1,12,False
915,80_20,human,0,0,1,12,False
915,100_0,human,1,1,1,12,False
916,50_50,human,0,0,1,12,True
916,80_20,human,0,0,0,12,True
916,100_0,human,1,1,1,12,True
917,50_50,human,1,1,1,12,True
917,80_20,human,0,0,1,12,True
917,100_0,human,1,1,1,12,True
918,50_50,human,0,0,1,12,False
918,80_20,human,0,0,0,12,False
918,100_0,human,0,0,0,12,False
919,50_50,human,1,1,1,12,True
919,80_20,human,1,1,1,12,True
919,100_0,human,1,1,1,12,True
920,50_50,human,1,1,1,12,True
920,80_20,human,1,1,1,12,True
920,100_0,human,1,1,1,12,True
921,50_50,human,1,1,1,12,False
921,80_20,human,0,0,0,12,False
921,100_0,human,0,0,0,12,False
922,50_50,human,1,1,1,12,False
922,80_20,human,1,1,1,12,False
922,100_0,human,1,1,1,12,False
923,50_50,human,1,1,1,12,True
923,80_20,human,1,1,1,12,True
923,100_0,human,1,1,1,12,True
924,50_50,human,0,0,0,12,False
924,80_20,human,1,1,1,12,False
924,100_0,human,0,0,0,12,False
925,50_50,human,1,1,1,12,False
925,80_20,human,1,1,1,12,False
925,100_0,human,1,1,1,12,False
926,50_50,human,1,1,1,12,True
926,80_20,human,1,1,1,12,True
926,100_0,human,1,1,1,12,True
927,50_50,human,0,0,1,12,True
927,80_20,human,0,0,1,12,True
927,100_0,human,0,0,0,12,True
928,50_50,human,1,1,1,12,False
928,80_20,human,1,1,1,12,False
928,100_0,human,0,0,0,12,False
929,50_50,human,0,0,0,12,False
929,80_20,human,0,0,0,12,False
929,100_0,human,0,0,0,12,False
930,50_50,human,1,1,1,12,True
930,80_20,human,1,1,1,12,True
930,100_0,human,1,1,1,12,True
931,50_50,human,1,1,1,12,False
931,80_20,human,0,0,0,12,False
931,100_0,human,0,0,1,12,False
932,50_50,human,1,1,1,12,False
932,80_20,human,1,1,1,12,False
932,100_0,human,1,1,1,12,False
933,50_50,human,0,0,0,12,False
933,80_20,human,1,1,1,12,False
933,100_0,human,0,0,0,12,False
934,50_50,human,1,1,1,12,False
934,80_20,human,1,1,1,12,False
934,100_0,human,0,0,1,12,False
935,50_50,human,1,1,1,12,False
935,80_20,human,0,0,0,12,False
935,100_0,human,1,1,1,12,False
936,50_50,human,1,1,1,12,True
936,80_20,human,1,1,1,12,True
936,100_0,human,1,1,1,12,True
937,50_50,human,1,1,1,12,True
937,80_20,human,1,1,1,12,True
937,100_0,human,1,1,1,12,True
938,50_50,human,1,1,1,12,True
938,80_20,human,1,1,1,12,True
938,100_0,human,1,1,1,12,True
939,50_50,human,1,1,1,12,False
939,80_20,human,0,0,0,12,False
939,100_0,human,0,0,0,12,False
940,50_50,human,1,1,1,12,True
940,80_20,human,1,1,1,12,True
940,100_0,human,1,1,1,12,True
941,50_50,human,1,1,1,12,False
941,80_20,human,0,0,1,12,False
941,100_0,human,1,1,1,12,False
942,50_50,human,0,0,0,12,False
942,80_20,human,1,1,1,12,False
942,100_0,human,1,1,1,12,False
943,50_50,human,1,1,1,12,True
943,80_20,human,1,1,1,12,True
943,100_0,human,1,1,1,12,True
944,50_50,human,0,0,0,12,False
944,80_20,human,0,0,0,12,False
944,100_0,human,0,0,0,12,False
945,50_50,human,1,1,1,12,True
945,80_20,human,1,1,1,12,True
945,100_0,human,1,1,1,12,True
946,50_50,human,1,1,1,12,False
946,80_20,human,0,0,0,12,False
946,100_0,human,0,0,0,12,False
947,50_50,human,1,1,1,12,False
947,80_20,human,0,0,1,12,False
947,100_0,human,1,1,1,12,False
948,50_50,human,0,0,1,12,True
948,80_20,human,0,0,1,12,True
948,100_0,human,0,0,1,12,True
949,50_50,human,1,1,1,12,True
949,80_20,human,1,1,1,12,True
949,100_0,human,1,1,1,12,True
950,50_50,human,0,0,1,12,False
950,80_20,human,1,1,1,12,False
950,100_0,human,1,1,1,12,False
951,50_50,human,1,1,1,12,True
951,80_20,human,1,1,1,12,True
951,100_0,human,1,1,1,12,True
952,50_50,human,1,1,1,12,False
952,80_20,human,1,1,1,12,False
952,100_0,human,1,1,1,12,False
953,50_50,human,1,1,1,12,True
953,80_20,human,1,1,1,12,True
953,100_0,human,1,1,1,12,True
954,50_50,human,1,1,1,12,True
954,80_20,human,1,1,1,12,True
954,100_0,human,1,1,1,12,True
955,50_50,human,0,0,0,12,False
955,80_20,human,0,0,0,12,False
955,100_0,human,0,0,0,12,False
956,50_50,human,1,1,1,12,True
956,80_20,human,1,1,1,12,True
956,100_0,human,1,1,1,12,True
957,50_50,human,0,0,1,12,False
957,80_20,human,0,0,0,12,False
957,100_0,human,0,0,1,12,False
958,50_50,human,1,1,1,12,True
958,80_20,human,1,1,1,12,True
958,100_0,human,1,1,1,12,True
959,50_50,human,1,1,1,12,True
959,80_20,human,1,1,1,12,True
959,100_0,human,1,1,1,12,True
960,50_50,human,0,0,1,12,True
960,80_20,human,0,0,0,12,True
960,100_0,human,1,1,1,12,True
961,50_50,human,1,1,1,12,True
961,80_20,human,1,1,1,12,True
961,100_0,human,1,1,1,12,True
962,50_50,human,1,1,1,12,True
962,80_20,human,1,1,1,12,True
962,100_0,human,1,1,1,12,True
963,50_50,human,1,1,1,12,True
963,80_20,human,1,1,1,12,True
963,100_0,human,1,1,1,12,True
964,50_50,human,1,1,1,12,False
964,80_20,human,1,1,1,12,False
964,100_0,human,1,1,1,12,False
965,50_50,human,1,1,1,12,False
965,80_20,human,1,1,1,12,False
965,100_0,human,1,1,1,12,False
966,50_50,human,0,0,0,12,True
966,80_20,human,0,0,1,12,True
966,100_0,human,0,0,1,12,True
967,50_50,human,1,1,1,12,True
967,80_20,human,0,0,1,12,True
967,100_0,human,1,1,1,12,True
968,50_50,human,0,0,0,12,False
968,80_20,human,0,0,1,12,False
968,100_0,human,0,0,0,12,False
969,50_50,human,1,1,1,12,False
969,80_20,human,1,1,1,12,False
969,100_0,human,0,0,0,12,False
970,50_50,human,0,0,0,12,False
970,80_20,human,0,0,0,12,False
970,100_0,human,0,0,0,12,False
971,50_50,human,1,1,1,12,True
971,80_20,human,1,1,1,12,True
971,100_0,human,1,1,1,12,True
972,50_50,human,0,0,0,12,False
972,80_20,human,0,0,0,12,False
972,100_0,human,0,0,0,12,False
973,50_50,human,1,1,1,12,False
973,80_20,human,0,0,0,12,False
973,100_0,human,1,1,1,12,False
974,50_50,human,0,0,1,12,True
974,80_20,human,0,0,0,12,True
974,100_0,human,1,1,1,12,True
975,50_50,human,0,0,1,12,True
975,80_20,human,1,1,1,12,True
975,100_0,human,1,1,1,12,True
976,50_50,human,1,1,1,12,True
976,80_20,human,1,1,1,12,True
976,100_0,human,1,1,1,12,True
977,50_50,human,1,1,1,12,True
977,80_20,human,1,1,1,12,True
977,100_0,human,1,1,1,12,True
978,50_50,human,1,1,1,12,True
978,80_20,human,1,1,1,12,True
978,100_0,human,1,1,1,12,True
979,50_50,human,1,1,1,12,False
979,80_20,human,1,1,1,12,False
979,100_0,human,0,0,1,12,False
980,50_50,human,1,1,1,12,True
980,80_20,human,1,1,1,12,True
980,100_0,human,1,1,1,12,True
981,50_50,human,1,1,1,12,False
981,80_20,human,0,0,1,12,False
981,100_0,human,0,0,0,12,False
982,50_50,human,1,1,1,12,True
982,80_20,human,1,1,1,12,True
982,100_0,human,1,1,1,12,True
983,50_50,human,1,1,1,12,True
983,80_20,human,1,1,1,12,True
983,100_0,human,1,1,1,12,True
984,50_50,human,1,1,1,12,False
984,80_20,human,1,1,1,12,False
984,100_0,human,0,0,0,12,False
985,50_50,human,1,1,1,12,False
985,80_20,human,0,0,0,12,False
985,100_0,human,0,0,1,12,False
986,50_50,human,1,1,1,12,True
986,80_20,human,1,1,1,12,True
986,100_0,human,1,1,1,12,True
987,50_50,human,1,1,1,12,True
987,80_20,human,1,1,1,12,True
987,100_0,human,1,1,1,12,True
988,50_50,human,1,1,1,12,True
988,80_20,human,1,1,1,12,True
988,100_0,human,1,1,1,12,True
989,50_50,human,0,0,0,12,False
989,80_20,human,1,1,1,12,False
989,100_0,human,1,1,1,12,False
990,50_50,human,0,0,1,12,True
990,80_20,human,1,1,1,12,True
990,100_0,human,1,1,1,12,True
991,50_50,human,0,0,0,12,False
991,80_20,human,0,0,0,12,False
991,100_0,human,0,0,0,12,False
992,50_50,human,1,1,1,12,True
992,80_20,human,1,1,1,12,True
992,100_0,human,1,1,1,12,True
993,50_50,human,1,1,1,12,True
993,80_20,human,1,1,1,12,True
993,100_0,human,1,1,1,12,True
994,50_50,human,0,0,1,12,False
994,80_20,human,0,0,0,12,False
994,100_0,human,0,0,0,12,False
995,50_50,human,0,0,0,12,False
995,80_20,human,0,0,0,12,False
995,100_0,human,0,0,0,12,False
996,50_50,human,1,1,1,12,True
996,80_20,human,1,1,1,12,True
996,100_0,human,1,1,1,12,True
997,50_50,human,1,1,1,12,False
997,80_20,human,0,0,0,12,False
997,100_0,human,1,1,1,12,False
998,50_50,human,0,0,1,12,False
998,80_20,human,0,0,0,12,False
998,100_0,human,0,0,0,12,False
999,50_50,human,0,0,0,12,False
999,80_20,human,0,0,1,12,False
999,100_0,human,0,0,1,12,False
1000,50_50,human,1,1,1,12,True
1000,80_20,human,0,0,0,12,True
1000,100_0,human,0,0,1,12,True
